times,precision, recall, fscore, mcc, val_acc,
MHCflurry_0, 0.8174188528234771, 0.8222632226322263, 0.8198338814872623, 0.7755425856932667, 0.9288896711807351
NetMHCpan_0, 0.8524050632911392, 0.5647433747064743, 0.6793785310734464, 0.63852508453772, 0.8951166653832191
ConvNext_0, 0.964812629094128, 0.7312423124231242, 0.8319445327905349, 0.808806542046281, 0.9418708265035588

MHCflurry_0, 0.8172060949838728, 0.8254690484215257, 0.8213167896266488, 0.7775442963968207, 0.9296597397168348
NetMHCpan_0, 0.8498740554156171, 0.568587799123694, 0.681340872374798, 0.6399504675145133, 0.8958427300029702
ConvNext_0, 0.9655631096659769, 0.733962476126278, 0.8339822556966873, 0.811168159118137, 0.9427729067887042

MHCflurry_0, 0.8158448753462604, 0.8200245016148792, 0.8179293490335481, 0.7729660811830134, 0.9278775811047183
NetMHCpan_0, 0.8494650618522234, 0.5659316182202918, 0.6792995120647016, 0.6374308180767997, 0.8944346046798165
ConvNext_0, 0.9639129795678377, 0.7303151798641274, 0.8310100114053984, 0.8075487571130199, 0.9413207775492018

MHCflurry_0, 0.8175683030369, 0.8288, 0.8231458396120441, 0.778752386342037, 0.9289886799925193
NetMHCpan_0, 0.8501285560255454, 0.5655172413793104, 0.6792127758266516, 0.6369063442485892, 0.8934885204783226
ConvNext_0, 0.9663595144069036, 0.729048275862069, 0.8310953174628133, 0.8077469281280893, 0.9409137413229778

MHCflurry_1, 0.7831785619527726, 0.8249860257126886, 0.8035388593983939, 0.754231828693723, 0.9206059339281196
NetMHCpan_1, 0.7747873703833159, 0.7434320849636669, 0.7587859424920128, 0.701422600855864, 0.9069757208391547
ConvNext_1, 0.938711978727544, 0.8090553381777529, 0.8690744243297607, 0.8433808401818919, 0.9520247302009879

MHCflurry_1, 0.787962864155373, 0.8281276285538047, 0.8075461380724539, 0.7594822138413604, 0.9225641082056303
NetMHCpan_1, 0.7785680970149254, 0.7488364268491, 0.7634128912391025, 0.7072684888456401, 0.9089448960957526
ConvNext_1, 0.9414220482713633, 0.8092861548813997, 0.8703675783252419, 0.8452465789160355, 0.9527067909043905

MHCflurry_1, 0.7801174541029575, 0.8228695797756571, 0.8009234111895708, 0.7508303544372262, 0.919362823291273
NetMHCpan_1, 0.7738678804855276, 0.7400524582845025, 0.7565825131935531, 0.698738267200763, 0.906128645449445
ConvNext_1, 0.9370938393553419, 0.8047324069423517, 0.8658840483982346, 0.8396468205762619, 0.9508586264177512

MHCflurry_1, 0.7820771765706389, 0.8232068926932975, 0.8021151330135193, 0.7525142891153092, 0.9201328918273727
NetMHCpan_1, 0.7672548452415389, 0.7419715788295849, 0.7544014334878694, 0.6956874573289521, 0.9050065455825569
ConvNext_1, 0.9397969210612512, 0.8026183282980867, 0.865807658649929, 0.8400123590077284, 0.951078645999494

MHCflurry_2, 0.8745171259335566, 0.762532981530343, 0.81469485680012, 0.7760336192727615, 0.9320249502205696
NetMHCpan_2, 0.8032887554585153, 0.6609217986863527, 0.7251840216822201, 0.6708148392261756, 0.9018382636054609
ConvNext_2, 0.8874530831099195, 0.9291528658844664, 0.9078243699092231, 0.8850792079632412, 0.9630257092881267

MHCflurry_2, 0.8709615507645064, 0.7572167528783581, 0.8101160368937816, 0.770135207171258, 0.9297917514658804
NetMHCpan_2, 0.8029405758627731, 0.6560987819122309, 0.7221303948576676, 0.6670251303337181, 0.9001331118469543
ConvNext_2, 0.8896138624451813, 0.9251905000278102, 0.9070534667502794, 0.8838411864264835, 0.962497662291944

MHCflurry_2, 0.8676517622977036, 0.7579347340187751, 0.8090906379552029, 0.7687928127706591, 0.9295827328632248
NetMHCpan_2, 0.8020882771713337, 0.6610415735359857, 0.7247664267115944, 0.6698298717035865, 0.9011562029020583
ConvNext_2, 0.8870277212886654, 0.926184622261958, 0.906183368869936, 0.8828866951321535, 0.9622446397729398

MHCflurry_2, 0.8727599717387116, 0.7564859147088298, 0.8104738898332886, 0.7708306508269523, 0.9300887779012332
NetMHCpan_2, 0.8010945206404972, 0.6601158000222692, 0.723804291426304, 0.6684027721097153, 0.9004521402404814
ConvNext_2, 0.8865040477204943, 0.9266785435920276, 0.9061462246175622, 0.8827323342253232, 0.9620686241075456

MHCflurry_3, 0.791735794276234, 0.8538440033547665, 0.821617840906034, 0.7767255633805822, 0.9270525076731829
NetMHCpan_3, 0.7680326455543423, 0.7471624266144814, 0.7574538034236481, 0.6991604578784824, 0.9058536209722665
ConvNext_3, 0.8849356548069645, 0.915068493150685, 0.8997498556859727, 0.8748716639936742, 0.959879429269205

MHCflurry_3, 0.7931887268792828, 0.8608253187206442, 0.8256241117636017, 0.7817523775037775, 0.9284606329963366
NetMHCpan_3, 0.7696651875756353, 0.7468127935584881, 0.7580668047790674, 0.7000401646547739, 0.9062166532821421
ConvNext_3, 0.8845926324280721, 0.9197606799373742, 0.901833931851202, 0.8774648147807907, 0.9606054938889561

MHCflurry_3, 0.7958719077249962, 0.8603303073389478, 0.8268467663521929, 0.7820448886383159, 0.9275145487948427
NetMHCpan_3, 0.7723011283893786, 0.7523241824346495, 0.7621817778885841, 0.703367171202751, 0.9055565945369138
ConvNext_3, 0.8884886369656195, 0.9172044186809581, 0.9026181955170465, 0.8777805914682248, 0.9601874566836448

MHCflurry_3, 0.7930161681905057, 0.8579412093439142, 0.8242020776850187, 0.7799375572749314, 0.9279545879583283
NetMHCpan_3, 0.7677600320567863, 0.7495249804403711, 0.7585329298984815, 0.7003103669307741, 0.9060626395749222
ConvNext_3, 0.8854099418979987, 0.9197496367497485, 0.9022531659448495, 0.8779739494562108, 0.9607705085752632

MHCflurry_4, 0.8463497453310697, 0.7824429620494422, 0.8131426407619936, 0.7706264583929073, 0.9294287191560049
NetMHCpan_4, 0.7158877581266673, 0.8123213184595549, 0.7610619469026548, 0.700300200801808, 0.8999020912861244
ConvNext_4, 0.8120049038098831, 0.9653568025113516, 0.882065203472738, 0.855270080017983, 0.949340491303726

MHCflurry_4, 0.848680602108599, 0.786069090088056, 0.8161758241758242, 0.7746356462278372, 0.9309908581863786
NetMHCpan_4, 0.7138252504215016, 0.8125423346127794, 0.7599915527163296, 0.6994841238398214, 0.8999790981397344
ConvNext_4, 0.8102997767114827, 0.9627455407541206, 0.8799690442409389, 0.8528312945675475, 0.9488124443075434

MHCflurry_4, 0.8468674698795181, 0.7844428324312259, 0.8144607630138176, 0.7719120885109058, 0.9295387289468763
NetMHCpan_4, 0.7150124737073815, 0.8156352882093633, 0.7620164737774997, 0.7011459517559397, 0.8995610609344231
ConvNext_4, 0.8135449135732502, 0.9612186819931924, 0.8812380099757003, 0.8537813157019675, 0.9489224540984148

MHCflurry_4, 0.8491001945525292, 0.7838581130381097, 0.8151758354005545, 0.7732158556952214, 0.9302556082948801
NetMHCpan_4, 0.7181098466105889, 0.8145591289218163, 0.7632997606963473, 0.7031494686548674, 0.9008733191634638
ConvNext_4, 0.8129305021139138, 0.9604871751697817, 0.8805701348152721, 0.8531105867222609, 0.948878341023975

