allele,peptide,9mer,True_BA,ANN4.0log50k,PickPoket,MHCflurry50k,NetMHCpan4.1BA-score,BA_ConvNext,AP_ConvNext,Truel_label,BA_ConvNext_label,PickPoketlabel,MHCflurrylabel,NetMHCpanlabel,ANN4.0llabel
HLA-B5101,CFTSLVWAPLILA,CFTSPLILA,0,0.08617691,0.016,0.04067392,0.0215,0.07680483,3.44E-05,0,0,0,0,0,0
HLA-B5801,QKEEAAICGQMDLS,QKEEAAILS,0,0.04202814,0,0.0460566,0.0204,0.07130642,2.57E-05,0,0,0,0,0,0
HLA-B5801,DEPASTEPVHDQLL,DEPASTQLL,0,0.0615499,0,0.04918238,0.0263,0.07138964,3.86E-05,0,0,0,0,0,0
HLA-B5801,RKCCRAKFKQLLQH,RKFKQLLQH,0.00693417,0.03819099,0,0.03785273,0.0205,0.10118371,5.17E-05,0,0,0,0,0,0
HLA-A0202,AELLRRDGSL,ALLRRDGSL,0.01,0.0082,0.016,0.08156973,0.2065,0.38412568,0.27862346,0,0,0,0,0,0
HLA-A0217,DPTVPEHAS,DPTVPEHAS,0.01,0.00542796,0,0.0542569,0.0044,0.07317019,2.48E-05,0,0,0,0,0,0
HLA-A0217,EAFLKMGD,EAFLKMGD-,0.01,0.0026689,0,0.04174332,0.0048,0.065061,3.09E-05,0,0,0,0,0,0
HLA-A0217,EELTMLGGRIF,ETMLGGRIF,0.01,0.00746502,0,0.05630313,0.0144,0.09475297,3.11E-05,0,0,0,0,0,0
HLA-B5101,AGHKHNNR,AGHKH-NNR,0.01,0.01818406,0,0.05365616,0.0059,0.07976321,3.04E-05,0,0,0,0,0,0
HLA-B5101,ATLDKHLRKK,ATLDHLRKK,0.01,0.01493208,0,0.04911815,0.0075,0.07967313,4.10E-05,0,0,0,0,0,0
HLA-B5101,FFHCYKRGVD,FFHCYKRGV,0.01,0.03376097,0.021,0.04082059,0.0174,0.07418779,6.15E-05,0,0,0,0,0,0
HLA-B5101,FRDEVMNTVTV,FRDEVTVTV,0.01,0.04983793,0.135,0.08024182,0.0513,0.08874337,0.03012791,0,0,0,0,0,0
HLA-B5101,FRKVERGNY,FRKVERGNY,0.01,0.03707308,0,0.04599351,0.0095,0.10673073,7.35E-05,0,0,0,0,0,0
HLA-B5101,GLTDGALYAH,GLDGALYAH,0.01,0.02013995,0,0.04397446,0.0074,0.08042941,2.86E-05,0,0,0,0,0,0
HLA-B5101,GVTRDITPGYF,VTRDITPYF,0.01,0.03010507,0.012,0.0473265,0.0184,0.0918077,0.26490262,0,0,0,0,0,0
HLA-B5101,HATLPFEGQS,HALPFEGQS,0.01,0.02578903,0.074,0.05570399,0.0254,0.08376997,0.00010367,0,0,0,0,0,0
HLA-B5101,HLRFFIDDNIK,HLFIDDNIK,0.01,0.03562111,0,0.04816232,0.0176,0.1059684,4.83E-05,0,0,0,0,0,0
HLA-B5101,IFEVLNITL,IFEVLNITL,0.01,0.07240405,0.151,0.18187262,0.0505,0.06975859,0.00013277,0,0,0,0,0,0
HLA-B5101,KGDVFVIRE,KGDVFVIRE,0.01,0.028808,0,0.05565196,0.0082,0.08194473,2.75E-05,0,0,0,0,0,0
HLA-B5101,LEETFDIEIPE,LEFDIEIPE,0.01,0.02433594,0,0.06652625,0.016,0.08054268,2.76E-05,0,0,0,0,0,0
HLA-B5801,DDRKSLEPI,DDRKSLEPI,0.01,0.04606803,0,0.05986267,0.0238,0.08237362,3.51E-05,0,0,0,0,0,0
HLA-B5801,EQAGISDHS,EQAGISDHS,0.01,0.06161612,0,0.0522117,0.0261,0.08028235,3.48E-05,0,0,0,0,0,0
HLA-B5801,FNTPAVIDR,FNTPAVIDR,0.01,0.0676739,0.035,0.07899238,0.0305,0.10614307,3.29E-05,0,0,0,0,0,0
HLA-B5801,LEKLVSEA,LEK-LVSEA,0.01,0.016102,0,0.04668676,0.0135,0.10035984,2.98E-05,0,0,0,0,0,0
HLA-B5801,AHRYFETAQVY,AYFETAQVY,0.01,0.0296199,0.02,0.04378033,0.0567,0.10634986,0.00996137,0,0,0,0,0,0
HLA-B5801,DDKVVYYL,D-DKVVYYL,0.01,0.0292019,0,0.05952541,0.0221,0.09498247,6.22E-05,0,0,0,0,0,0
HLA-B5801,IFEPCASPS,IFEPCASPS,0.01,0.05023212,0,0.07070058,0.0258,0.10907248,4.49E-05,0,0,0,0,0,0
HLA-B5801,EADREHDR,EADREHDR-,0.01,0.03655306,0,0.07279848,0.0122,0.07800076,4.00E-05,0,0,0,0,0,0
HLA-B5801,ELINDILD,ELIND-ILD,0.01,0.02384298,0,0.04745376,0.0174,0.08917744,3.12E-05,0,0,0,0,0,0
HLA-B5801,GYIERYGFGIK,GYIEGFGIK,0.01,0.03442899,0,0.04404477,0.0262,0.07778265,3.32E-05,0,0,0,0,0,0
HLA-B5801,IGKDVANE,IGKDVANE-,0.01,0.02385207,0,0.05293216,0.0171,0.09153344,7.94E-05,0,0,0,0,0,0
HLA-B5801,AHNLCYSTLVR,AHNLSTLVR,0.01,0.03140995,0,0.04286416,0.0353,0.0916929,3.19E-05,0,0,0,0,0,0
HLA-B5801,CDIGNAAEFY,CDIGAAEFY,0.01,0.05960117,0.114,0.08974947,0.0955,0.09934928,0.00014019,0,0,0,0,0,0
HLA-B5801,DEGKKQQILP,DGKKQQILP,0.01,0.03552496,0,0.04865271,0.0125,0.06782829,3.17E-05,0,0,0,0,0,0
HLA-B5801,DQQAPSQVKL,DQAPSQVKL,0.01,0.06565708,0,0.0528126,0.0358,0.09629358,0.00011204,0,0,0,0,0,0
HLA-B5801,EDDDIVRML,EDDDIVRML,0.01,0.03521192,0,0.15087708,0.0206,0.09606955,7.34E-05,0,0,0,0,0,0
HLA-B5801,GAVLDAVVD,GAVLDAVVD,0.01,0.12360604,0.26,0.07449496,0.1008,0.1063941,4.39E-05,0,0,0,0,0,0
HLA-B5801,GRGPYSGVS,GRGPYSGVS,0.01,0.05345616,0,0.04530618,0.0148,0.08770029,3.58E-05,0,0,0,0,0,0
HLA-B5801,HFHAELDRRMG,HAELDRRMG,0.01,0.03114496,0,0.04048896,0.0261,0.10463948,4.73E-05,0,0,0,0,0,0
HLA-B5801,HKHFFLYLD,HKHFFLYLD,0.01,0.07110392,0.092,0.04222435,0.056,0.092718,2.99E-05,0,0,0,0,0,0
HLA-C0701,AGSVSSSLYH,ASVSSSLYH,0.01,0.01031506,0.104,0.06734581,0.0641,0.10993302,0.00013885,0,0,0,0,0,0
HLA-C0701,ASRVVSGGHDG,ASVSGGHDG,0.01,0.01262006,0.029,0.05871365,0.0138,0.09826845,3.62E-05,0,0,0,0,0,0
HLA-C0701,DAWTYSKIDMP,DAYSKIDMP,0.01,0.01738794,0.055,0.04518072,0.0137,0.10672319,2.62E-05,0,0,0,0,0,0
HLA-C0701,DNQSNTTR,DNQ-SNTTR,0.01,0.00710301,0,0.06682445,0.0098,0.0874415,2.63E-05,0,0,0,0,0,0
HLA-C0701,GKGSHTLMLR,GKGSHTLLR,0.01,0.03696989,0.052,0.12005288,0.0454,0.08769906,3.23E-05,0,0,0,0,0,0
HLA-C0701,IDRLSGLDVI,IRLSGLDVI,0.01,0.04262514,0,0.06003005,0.0917,0.10432408,0.99897337,0,0,0,0,0,0
HLA-C0701,AASNARIGV,AASNARIGV,0.01,0.1237907,0.195,0.16051082,0.1441,0.10500095,9.11E-05,0,0,0,0,0,0
HLA-C0701,CLGDMLIKF,CLGDMLIKF,0.01,0.07458991,0.057,0.23105672,0.0549,0.08999085,6.27E-05,0,0,0,0,0,0
HLA-C0701,CRKKEGDS,CRKKEGDS-,0.01,0.01520209,0.134,0.04543183,0.02,0.08964318,0.00108997,0,0,0,0,0,0
HLA-C0701,GEGSGRTW,GEG-SGRTW,0.01,0.0103039,0.028,0.09346613,0.0174,0.10292757,3.10E-05,0,0,0,0,0,0
HLA-C0701,GFGEQMRQ,GFGEQMRQ-,0.01,0.01166598,0.021,0.05105839,0.0093,0.08047237,2.92E-05,0,0,0,0,0,0
HLA-C0701,GLGSRGLEKF,GLGSRGLEF,0.01,0.01001999,0.011,0.15691586,0.0431,0.1047072,8.15E-05,0,0,0,0,0,0
HLA-C0701,GTGNITLN,GTGNITLN-,0.01,0.01128404,0.028,0.04610209,0.0113,0.08891583,2.57E-05,0,0,0,0,0,0
HLA-C0701,LAFAGKVLP,LAFAGKVLP,0.01,0.10452804,0.193,0.06072111,0.0505,0.10514426,2.76E-05,0,0,0,0,0,0
HLA-C0701,DAFNHLFPGS,DAFNHFPGS,0.01,0.008023,0.076,0.0513366,0.0278,0.09556384,2.73E-05,0,0,0,0,0,0
HLA-C0701,DHKPPGPKDI,DHKPPGPKI,0.01,0.02910789,0.009,0.08821213,0.0393,0.10492569,0.00994891,0,0,0,0,0,0
HLA-C0701,DRAFAETC,DRA-FAETC,0.01,0.01777898,0.192,0.05667021,0.0261,0.08097751,5.30E-05,0,0,0,0,0,0
HLA-C0701,EMGSLQER,EM-GSLQER,0.01,0.01012305,0.008,0.06622185,0.0146,0.08536401,2.85E-05,0,0,0,0,0,0
HLA-C0701,GGQHSGGNFK,GQHSGGNFK,0.01,0.00680109,0,0.16469048,0.0399,0.09559204,6.52E-05,0,0,0,0,0,0
HLA-C0701,IAQRGRSGGRP,IRGRSGGRP,0.01,0.00660095,0.04,0.05071658,0.0137,0.07006856,0.0001527,0,0,0,0,0,0
HLA-C0701,IGEYKRKK,IG-EYKRKK,0.01,0.0141149,0.115,0.06030006,0.0137,0.08066227,3.18E-05,0,0,0,0,0,0
HLA-C0701,ILEKSQEKID,ILEKSQEKI,0.01,0.00917305,0,0.05317568,0.0089,0.09521049,8.86E-05,0,0,0,0,0,0
HLA-C0701,ADYTGFLYVR,AYTGFLYVR,0.01,0.01583396,0,0.07821938,0.0475,0.09076708,0.00069782,0,0,0,0,0,0
HLA-C0701,DAQEVETVWTI,DAQEVVWTI,0.01,0.01437691,0.014,0.07357771,0.0352,0.10931511,4.47E-05,0,0,0,0,0,0
HLA-C0701,EKVLKDSGI,EKVLKDSGI,0.01,0.0239131,0.051,0.07046097,0.0304,0.09363704,5.73E-05,0,0,0,0,0,0
HLA-C0701,GAGISAESGIR,GASAESGIR,0.01,0.005168,0.051,0.12041914,0.0131,0.085821,3.08E-05,0,0,0,0,0,0
HLA-C0701,GKGSLFLG,GKGSLFLG-,0.01,0.00615612,0.009,0.04493167,0.0117,0.07586543,2.76E-05,0,0,0,0,0,0
HLA-C0701,IGLDGFEFVE,IGLDGFFVE,0.01,0.00984689,0.015,0.06554488,0.0203,0.09550443,3.98E-05,0,0,0,0,0,0
HLA-C0701,ITLPAARPDHK,ITLPAARHK,0.01,0.01155699,0.104,0.07113919,0.034,0.10407043,3.91E-05,0,0,0,0,0,0
HLA-C0702,ASRVVSGGHDG,ASVSGGHDG,0.01,0.00709902,0,0.07098148,0.0102,0.09787712,2.98E-05,0,0,0,0,0,0
HLA-C0702,DAWTYSKIDMP,DAYSKIDMP,0.01,0.01596898,0,0.04788217,0.0122,0.10976815,2.73E-05,0,0,0,0,0,0
HLA-C0702,DNQSNTTR,DNQ-SNTTR,0.01,0.00592603,0,0.07249757,0.0086,0.09690565,2.43E-05,0,0,0,0,0,0
HLA-C0702,FGAVIGAGSE,FAVIGAGSE,0.01,0.0060049,0,0.09090573,0.0274,0.10822614,3.30E-05,0,0,0,0,0,0
HLA-C0702,KSCQHLNFSRR,KSCQHLNFR,0.01,0.00477806,0,0.0604487,0.0287,0.10586722,3.71E-05,0,0,0,0,0,0
HLA-C0702,AASNARIGV,AASNARIGV,0.01,0.02026208,0.098,0.16683545,0.0761,0.1049587,5.61E-05,0,0,0,0,0,0
HLA-C1402,DGIPIELEVK,DGIPIELVK,0.01,0.00529299,0,0.10889148,0.0229,0.10876694,2.54E-05,0,0,0,0,0,0
HLA-C1402,DTKGRLYRW,DTKGRLYRW,0.01,0.02989894,0,0.09045471,0.0537,0.0870432,2.78E-05,0,0,0,0,0,0
HLA-C1402,EANVVSLDGTE,EANVVSLTE,0.01,0.00361111,0,0.06030773,0.0122,0.1097367,2.96E-05,0,0,0,0,0,0
HLA-C1402,ECKHTDTVGRP,EHTDTVGRP,0.01,0.00500102,0,0.04582769,0.0072,0.09157157,2.60E-05,0,0,0,0,0,0
HLA-C1402,FEEVLKRWPDW,FVLKRWPDW,0.01,0.01169597,0.025,0.04988027,0.0463,0.10024019,3.75E-05,0,0,0,0,0,0
HLA-C1402,IIATEIGIP,IIATEIGIP,0.01,0.01756593,0,0.05648495,0.0258,0.10478386,3.21E-05,0,0,0,0,0,0
HLA-E0101,AGLLGTVTG,AGLLGTVTG,0.01,0.01505208,0.073,0.06043538,0.0075,0.08324345,3.12E-05,0,0,0,0,0,0
HLA-E0101,AYMRWRER,AYMRWRER-,0.01,0.01113796,0,0.03888568,0.0061,0.07469408,6.24E-05,0,0,0,0,0,0
HLA-E0101,CPGPEIALSSK,CPGPALSSK,0.01,0.01190894,0,0.05583584,0.003,0.10874376,2.46E-05,0,0,0,0,0,0
HLA-E0101,DDSVTVGD,DDSVTVGD-,0.01,0.00651701,0,0.04048748,0.0012,0.06707496,2.99E-05,0,0,0,0,0,0
HLA-E0101,FSDAMGADG,FSDAMGADG,0.01,0.01501511,0.108,0.05223887,0.0116,0.09125086,4.80E-05,0,0,0,0,0,0
HLA-E0101,AFRSQNNQ,AFRSQNNQ-,0.01,0.00834593,0.049,0.0354551,0.0019,0.09324016,5.60E-05,0,0,0,0,0,0
HLA-E0101,AKIVELHP,AKI-VELHP,0.01,0.00759396,0.011,0.03568164,0.0022,0.0800328,2.53E-05,0,0,0,0,0,0
HLA-E0101,CGMMSLPVT,CGMMSLPVT,0.01,0.03079995,0.191,0.05972961,0.0143,0.08525246,3.14E-05,0,0,0,0,0,0
HLA-E0101,DHLSAAPYLQE,DHLSAAPYL,0.01,0.0487471,0.094,0.03895576,0.0046,0.1065286,0.00145108,0,0,0,0,0,0
HLA-E0101,DKGGDDFRKD,DGGDDFRKD,0.01,0.00708205,0,0.04196723,0.0007,0.08017232,2.52E-05,0,0,0,0,0,0
HLA-E0101,EALETWPVD,EALETWPVD,0.01,0.03345809,0.093,0.0457487,0.0035,0.10555916,2.90E-05,0,0,0,0,0,0
HLA-E0101,GESLDRENGT,GSLDRENGT,0.01,0.00583502,0,0.04562737,0.0023,0.09402172,2.99E-05,0,0,0,0,0,0
HLA-E0101,INHLTKGEA,INHLTKGEA,0.01,0.01267305,0.053,0.05990173,0.0098,0.09924083,4.07E-05,0,0,0,0,0,0
HLA-E0101,AAPLDPLRRAE,AAPPLRRAE,0.01,0.01385104,0.027,0.04159916,0.0052,0.10391846,4.54E-05,0,0,0,0,0,0
HLA-E0101,APVAVSTDVK,APAVSTDVK,0.01,0.01043997,0,0.04994094,0.0051,0.08405739,2.49E-05,0,0,0,0,0,0
HLA-E0101,ARAGGAGTG,ARAGGAGTG,0.01,0.02078393,0.098,0.05590239,0.0054,0.09553138,3.77E-05,0,0,0,0,0,0
HLA-E0101,DIVPGEQT,DIVPG-EQT,0.01,0.01223311,0,0.04324667,0.0016,0.09699057,3.18E-05,0,0,0,0,0,0
HLA-E0101,DSPEFSGFSGS,DSPEFFSGS,0.01,0.013117,0,0.04736982,0.0058,0.09638982,4.01E-05,0,0,0,0,0,0
HLA-E0101,DYVHINKIVKE,DHINKIVKE,0.01,0.00804397,0,0.0380253,0.0019,0.07152075,3.10E-05,0,0,0,0,0,0
HLA-E0101,GSLISLLRKE,GSISLLRKE,0.01,0.00709203,0.012,0.03830143,0.003,0.08177046,3.14E-05,0,0,0,0,0,0
HLA-E0101,HAATMTKGS,HAATMTKGS,0.01,0.01728202,0.049,0.04780157,0.0052,0.09475297,3.74E-05,0,0,0,0,0,0
HLA-E0101,HAYEVLSDE,HAYEVLSDE,0.01,0.00864199,0,0.04885913,0.0048,0.10443459,4.59E-05,0,0,0,0,0,0
HLA-E0101,LGMSNDVYFQV,LGMSNDVQV,0.01,0.02138607,0.017,0.0550595,0.0183,0.08860169,0.0001401,0,0,0,0,0,0
HLA-E0101,AAGEMEVRQ,AAGEMEVRQ,0.01,0.01253597,0.025,0.04489486,0.0027,0.08418609,3.36E-05,0,0,0,0,0,0
HLA-E0101,ALFAHSVG,ALFAHSVG-,0.01,0.01566496,0,0.03983946,0.0087,0.09168503,5.57E-05,0,0,0,0,0,0
HLA-E0101,GIGFAFCRIPS,GIGFAFCRI,0.01,0.00980208,0.046,0.03788203,0.0043,0.08717617,5.23E-05,0,0,0,0,0,0
HLA-E0101,GKGVSADQ,GKGVSADQ-,0.01,0.00713695,0,0.03640979,0.0009,0.07119093,2.38E-05,0,0,0,0,0,0
HLA-E0101,IPKNPFADLTG,IPKNPFLTG,0.01,0.01688508,0.002,0.04315838,0.0082,0.09176261,2.63E-05,0,0,0,0,0,0
HLA-A2602,ETDEFIGWC,ETDEFIGWC,0.01,0.45683775,0.36,0.10287448,0.164,0.12820157,0.00043862,0,0,0,0,0,1
HLA-A3201,GVLAGIAYF,GVLAGIAYF,0.01,0.22379305,0.313,0.58045299,0.4183,0.27748534,0.9935632,0,0,0,1,0,0
HLA-A0217,KTGDFFKNL,KTGDFFKNL,0.01,0.08859202,0.311,0.46485283,0.1686,0.12686755,0.9935341,0,0,0,1,0,0
HLA-B1801,LEASSNLKCY,LEASSNLKY,0.01,0.28140248,0.368,0.49749743,0.3237,0.14494011,0.99973685,0,0,0,1,0,0
HLA-A3201,ILAGKSGIKY,ILAKSGIKY,0.01,0.04232309,0.169,0.46452483,0.1121,0.09031606,0.99338806,0,0,0,1,0,0
HLA-A3207,ILAGKSGIKY,ILAGKSIKY,0.01,0.00346707,0.106,0.44714938,0.1338,0.08058938,0.9938577,0,0,0,1,0,0
HLA-A6823,DGQDVILVRR,DGQDVIVRR,0.01,0.00414895,0.074,0.61352051,0.2602,0.09760038,0.7869333,0,0,0,1,0,0
HLA-B5101,DVFATGQEV,DVFATGQEV,0.01,0.13610682,0.306,0.60144535,0.23,0.08517619,0.01611451,0,0,0,1,0,0
HLA-C0702,ARQPELEGNLR,ARQPEGNLR,0.01,0.03399485,0.212,0.46307966,0.0345,0.10374308,0.00197443,0,0,0,1,0,0
HLA-C0701,ARLEHLRKM,ARLEHLRKM,0.01,0.66576868,0.54,0.68673596,0.4916,0.09143422,0.99977905,0,0,1,1,1,1
HLA-A3001,VWAPLILAYFPVF,VWAPLIPVF,0.0104705,0.08627323,0.072,0.03858804,0.079,0.15468684,0.91875046,0,0,0,0,0,0
HLA-A0206,NPTQAPVIQLHAVY,NVIQLHAVY,0.0106079,0,0,0.03939168,0.0409,0.14543901,0.00622582,0,0,0,0,0,0
HLA-B5101,STLERTSKASLER,STLEASLER,0.0161048,0.01913409,0,0.0488698,0.0087,0.08280958,4.58E-05,0,0,0,0,0,0
HLA-B5101,SLVWAPLILAYF,SAPLILAYF,0.022489,0.05865316,0.047,0.03999874,0.0403,0.1060107,0.9985947,0,0,0,0,0,0
HLA-B5101,SVNCFTSLVWAPL,SVSLVWAPL,0.0249873,0.03669509,0.157,0.04441647,0.0304,0.09424128,0.00022594,0,0,0,0,0,0
HLA-B4001,AFPTSCHMFIICF,AFPTSIICF,0.031143,0.04102089,0.002,0.03572473,0.0195,0.11879215,4.98E-05,0,0,0,0,0,0
HLA-B5801,STLERTSKASLER,STLEASLER,0.0408556,0.03814797,0.115,0.05634638,0.0417,0.13417779,0.00035141,0,0,0,0,0,0
HLA-B5801,DPHGPVQLSYYD,DPHGPVQLY,0.0487022,0.03266007,0,0.04411303,0.0247,0.09374304,0.00028084,0,0,0,0,0,0
HLA-A2402,IPQSLDSYWTSL,IPQSLWTSL,0.0508827,0.04529806,0.09,0.05468946,0.0614,0.10835546,2.94E-05,0,0,0,0,0,0
HLA-A0202,LYDSQGLPEELP,LYDSPEELP,0.051045,0,0,0.0526914,0.0436,0.10594994,3.41E-05,0,0,0,0,0,0
HLA-A0202,LAYFPVFRFLNGS,LAYFPVNGS,0.0556376,0,0.075,0.03452404,0.1005,0.11112936,3.27E-05,0,0,0,0,0,0
HLA-B5101,VWAPLILAYFPVF,VWAPLIPVF,0.0579719,0.09628114,0.061,0.03956458,0.0436,0.09649958,0.00255235,0,0,0,0,0,0
HLA-A3201,PLILAYFPVFRFL,PYFPVFRFL,0.0586451,0.11037689,0.075,0.03418261,0.049,0.08425497,4.36E-05,0,0,0,0,0,0
HLA-A2601,PLILAYFPVFRFL,PYFPVFRFL,0.0603465,0.0629499,0.174,0.03460304,0.0209,0.12078906,0.00015472,0,0,0,0,0,0
HLA-B0702,LVSDYCNVLNKEFT,LVSDNKEFT,0.0615998,0.01915706,0.006,0.03572077,0.0153,0.15999518,2.86E-05,0,0,0,0,0,0
HLA-A3001,PLILAYFPVFRFL,AYFPVFRFL,0.0622079,0.09855476,0.046,0.03534121,0.1127,0.13379906,0.99929214,0,0,0,0,0,0
HLA-B0801,FRNLAYGRTCVLGK,FRYGRTCVL,0.0657347,0.21286252,0.002,0.04079524,0.1297,0.11142312,0.99594706,0,0,0,0,0,0
HLA-B0801,PLILAYFPVFRFL,PLIPVFRFL,0.0683755,0.2051144,0.162,0.03717931,0.0798,0.09887506,0.0003681,0,0,0,0,0,0
HLA-B5101,LVGKLNWASQIY,LVNWASQIY,0.0706973,0.05475802,0.033,0.04139882,0.0225,0.14921781,0.02927676,0,0,0,0,0,0
HLA-B5801,PLILAYFPVFRFL,PYFPVFRFL,0.0766638,0.07173603,0,0.03636292,0.0615,0.08818076,4.44E-05,0,0,0,0,0,0
HLA-B5801,AFPTSCHMFIICF,AFPTSCHMF,0.0778362,0.06964219,0.062,0.04304734,0.0623,0.12962651,0.29961836,0,0,0,0,0,0
HLA-A3201,AYIAFPTSCHMFI,AYIAFPTSI,0.0784911,0.04499588,0.107,0.04529733,0.0931,0.10359784,0.00107205,0,0,0,0,0,0
HLA-B0801,AFPTSCHMFIICF,AFPTSCHMF,0.080412,0.13046515,0,0.04388311,0.0883,0.11166769,0.0001917,0,0,0,0,0,0
HLA-A3001,AFPTSCHMFIICF,AFPTSIICF,0.081846,0.07311199,0.009,0.03918417,0.0521,0.11239076,0.9934477,0,0,0,0,0,0
HLA-B1402,YSQGAFTPL,YSQGAFTPL,0.0846866,0.26849788,0.266,0.38364048,0.2752,0.2397744,0.00022017,0,0,0,0,0,0
HLA-B3901,LPLKMLNIPSINVH,LPIPSINVH,0.0846866,0.03990686,0.045,0.03820574,0.0242,0.18927582,5.96E-05,0,0,0,0,0,0
HLA-C1402,KSLTTTMQFK,KSLTTTMQF,0.0846866,0.02851008,0.017,0.06634405,0.1009,0.2805712,0.00584169,0,0,0,0,0,0
HLA-A2403,LPLKMLNIPSINVH,LPIPSINVH,0.0846866,0.0218471,0,0.0397501,0.0149,0.0935893,2.42E-05,0,0,0,0,0,0
HLA-A2403,RRIFDLIEL,RRIFDLIEL,0.0846866,0.14836778,0.15,0.13260437,0.1777,0.13230665,0.0001954,0,0,0,0,0,0
HLA-A2403,SSCSSCPLSKI,SSCSPLSKI,0.0846866,0.02281611,0.129,0.06582247,0.0727,0.13943557,0.00154616,0,0,0,0,0,0
HLA-A2601,LPLKMLNIPSINVH,LPIPSINVH,0.0846866,0.03107793,0.063,0.03660145,0.0191,0.11884394,0.00014668,0,0,0,0,0,0
HLA-B1402,FLRGRAYGL,FLRGRAYGL,0.0846866,0.21504266,0.144,0.29743849,0.2456,0.12816498,0.00169122,0,0,0,0,0,0
HLA-B1402,WLRAHPVAI,WLRAHPVAI,0.0846866,0.16062955,0.221,0.40169947,0.2787,0.12278652,0.00021499,0,0,0,0,0,0
HLA-B1402,VTTQRQSVY,VTTQRQSVY,0.0846866,0.18555778,0.047,0.06072706,0.0628,0.13383208,7.83E-05,0,0,0,0,0,0
HLA-B1801,LPLKMLNIPSINVH,LPIPSINVH,0.0846866,0.03391291,0.061,0.04050297,0.0498,0.13218717,5.38E-05,0,0,0,0,0,0
HLA-B5101,LPLKMLNIPSINVH,LPIPSINVH,0.0846866,0.24974885,0.201,0.04415965,0.0552,0.15693161,0.99963224,0,0,0,0,0,0
HLA-B5801,RLAVENLLY,RLAVENLLY,0.0846866,0.34377656,0.313,0.30415867,0.3762,0.16931605,0.9994299,0,0,0,0,0,0
HLA-C0701,ELFARSSDPR,ELFARSSPR,0.0846866,0.01300289,0,0.05996318,0.0412,0.08994197,2.86E-05,0,0,0,0,0,0
HLA-C0701,FLLPILSQIYT,FLLPILSQY,0.0846866,0.03639891,0.027,0.04553053,0.041,0.12074323,0.02071567,0,0,0,0,0,0
HLA-C0701,GSSDFQVHFLK,GSSDVHFLK,0.0846866,0.03759411,0.146,0.1063082,0.0604,0.10018464,5.57E-05,0,0,0,0,0,0
HLA-C0701,SYMMDDLELI,SYMDDLELI,0.0846866,0.08004887,0.137,0.09763451,0.1139,0.17857394,0.99430144,0,0,0,0,0,0
HLA-C0701,LEYFQFVKKLL,EYFQFVKKL,0.0846866,0.07880514,0.09,0.05789485,0.0492,0.1228966,0.99927,0,0,0,0,0,0
HLA-C0701,MIKYCLLKILK,MIKYLKILK,0.0846866,0.03808487,0,0.0486604,0.0395,0.1508208,3.81E-05,0,0,0,0,0,0
HLA-C0701,YSLEYFQFVKK,YSYFQFVKK,0.0846866,0.07008819,0.107,0.06554354,0.056,0.14450805,0.00013878,0,0,0,0,0,0
HLA-C0701,LVTMGTGTFGR,VTMGTGTFR,0.0846866,0.01221306,0.074,0.06385639,0.031,0.10257746,4.37E-05,0,0,0,0,0,0
HLA-C1402,ELFARSSDPR,ELFARSSPR,0.0846866,0.01086499,0.056,0.0690954,0.0556,0.16331054,2.87E-05,0,0,0,0,0,0
HLA-C0701,WMACHSAAF,WMACHSAAF,0.084687,0.05191303,0.111,0.21600034,0.1573,0.15322241,5.96E-05,0,0,0,0,0,0
HLA-C0701,WMACNSAAF,WMACNSAAF,0.084687,0.0376291,0.106,0.16657215,0.1406,0.16767396,5.99E-05,0,0,0,0,0,0
HLA-C0701,FAAFYFVFI,FAAFYFVFI,0.084687,0.19052557,0.138,0.18110827,0.2086,0.13433817,0.0002135,0,0,0,0,0,0
HLA-E0101,LPAERAHEL,LPAERAHEL,0.084687,0.11111389,0.124,0.11959185,0.0575,0.11830694,0.00080277,0,0,0,0,0,0
HLA-E0101,SEYKAAGYL,SEYKAAGYL,0.084687,0.05855593,0.052,0.14812092,0.0703,0.1606639,0.739619,0,0,0,0,0,0
HLA-E0101,KQLEWKWGI,KQLEWKWGI,0.084687,0.02275106,0.119,0.19489132,0.1013,0.17935205,0.5501182,0,0,0,0,0,0
HLA-E0101,MAYGFFNNI,MAYGFFNNI,0.084687,0.01366999,0.011,0.30443389,0.0789,0.16082631,0.98334724,0,0,0,0,0,0
HLA-E0101,VEYHYTFYI,VEYHYTFYI,0.084687,0.06875387,0.082,0.1388053,0.0655,0.1389347,0.06467988,0,0,0,0,0,0
HLA-E0101,AELRHLNPL,AELRHLNPL,0.084687,0.04130599,0.056,0.15898835,0.0467,0.12970862,0.59680814,0,0,0,0,0,0
HLA-E0101,AQMVWIHGV,AQMVWIHGV,0.084687,0.01910999,0.035,0.20436196,0.0625,0.13023743,0.967282,0,0,0,0,0,0
HLA-E0101,SEWGWRIPF,SEWGWRIPF,0.084687,0.01667695,0.101,0.10031416,0.034,0.17620204,0.00046977,0,0,0,0,0,0
HLA-C0701,RIYRKGNPL,RIYRKGNPL,0.084687,0.13686521,0.171,0.44434275,0.1744,0.41172776,0.99975103,0,0,0,1,0,0
HLA-C0701,YWMGGTTYF,YWMGGTTYF,0.084687,0.29683159,0.094,0.50101878,0.2346,0.33079678,0.9461915,0,0,0,1,0,0
HLA-B5101,HPVHAGPVA,HPVHAGPVA,0.084687,0.14168028,0.35,0.4863887,0.1468,0.17177226,0.98313856,0,0,0,1,0,0
HLA-C0701,RMLPKLAEF,RMLPKLAEF,0.084687,0.09156994,0.151,0.59252563,0.1649,0.12901948,0.99851257,0,0,0,1,0,0
HLA-C0701,HRTLLMNEL,HRTLLMNEL,0.084687,0.26767095,0.365,0.65390188,0.4396,0.15788387,0.9997818,0,0,0,1,1,0
HLA-A2403,THEGVVCAL,THEGVVCAL,0.0864031,0.1188337,0.152,0.11338355,0.098,0.15200034,3.66E-05,0,0,0,0,0,0
HLA-B0702,AFPTSCHMFIICF,AFPTSCHMF,0.0911624,0.13658687,0.001,0.04418298,0.0603,0.21730687,4.83E-05,0,0,0,0,0,0
HLA-A0206,SLVWAPLILAYF,SLPLILAYF,0.0940437,0.0005,0.347,0.03968802,0.2063,0.1914246,0.98200315,0,0,0,0,0,0
HLA-A0206,DEPASTEPVHDQLL,DEPASTQLL,0.0972775,0,0,0.0425523,0.0286,0.11975798,0.00060801,0,0,0,0,0,0
HLA-A2601,SLVWAPLILAYF,SAPLILAYF,0.101251,0.13104176,0.24,0.04020981,0.1168,0.15448454,0.98107314,0,0,0,0,0,0
HLA-A0202,AFPTSCHMFIICF,AFPTSCHMF,0.106742,0,0.044,0.03768883,0.041,0.12090088,5.51E-05,0,0,0,0,0,0
HLA-B3503,CFTSLVWAPLILA,CFTSPLILA,0.115035,0.05003688,0.048,0.03920162,0.0132,0.15443528,2.66E-05,0,0,0,0,0,0
HLA-B4001,PLILAYFPVFRFL,PLFPVFRFL,0.118779,0.04242308,0.077,0.03474726,0.0215,0.12026445,3.59E-05,0,0,0,0,0,0
HLA-C1402,MVRVLTVIKEY,MVRVLTKEY,0.120562,0.0234929,0.05,0.0579251,0.1302,0.14220311,0.00926597,0,0,0,0,0,0
HLA-A0202,DPHGPVQLSYYD,DPHGPVQLY,0.121091,0,0,0.04194313,0.0152,0.08550316,3.23E-05,0,0,0,0,0,0
HLA-B0801,VWAPLILAYFPVF,VWAPLIPVF,0.12629,0.1592546,0.113,0.04013022,0.0904,0.17065997,0.00544074,0,0,0,0,0,0
HLA-B5801,NPTQAPVIQLHAVY,NPTQAPVVY,0.126721,0.04706414,0.037,0.04865087,0.0384,0.13763434,0.0001965,0,0,0,0,0,0
HLA-B5801,SLVWAPLILAYF,SAPLILAYF,0.129143,0.07561515,0.212,0.04142191,0.1519,0.12496508,0.98493505,0,0,0,0,0,0
HLA-B5101,LAYFPVFRFLNGS,LAYPVFRFL,0.130567,0.09452974,0.15,0.03709441,0.0359,0.15742461,0.99972886,0,0,0,0,0,0
HLA-A3201,CFTSLVWAPLILA,CVWAPLILA,0.131755,0.08875993,0,0.03859631,0.0276,0.20632812,9.68E-05,0,0,0,0,0,0
HLA-A2601,DTEDNVPPW,DTEDNVPPW,0.131899,0.15690517,0.285,0.5194128,0.176,0.14131647,0.00122003,0,0,0,1,0,0
HLA-A3001,SLVWAPLILAYF,SWAPLILAY,0.132408,0.03987499,0.108,0.03964411,0.0784,0.23027347,0.9996282,0,0,0,0,0,0
HLA-A3201,VWAPLILAYFPVF,VWAPLILAF,0.13484,0.08613606,0.19,0.0401326,0.1243,0.17183518,0.30628806,0,0,0,0,0,0
HLA-A0202,NPTQAPVIQLHAVY,TQAPVIQLY,0.147163,0,0,0.03930901,0.0428,0.17870326,0.9912208,0,0,0,0,0,0
HLA-B4002,FRNLAYGRTCVLGK,FGRTCVLGK,0.148505,0.04830305,0,0.03765211,0.0227,0.1675601,2.92E-05,0,0,0,0,0,0
HLA-A3201,SLVWAPLILAYF,SLVWAPLYF,0.149688,0.09083407,0.236,0.06020767,0.1695,0.22348988,0.99465466,0,0,0,0,0,0
HLA-A3201,SVNCFTSLVWAPL,SVNLVWAPL,0.156914,0.22403066,0.265,0.0493403,0.1718,0.20566243,0.00206317,0,0,0,0,0,0
HLA-B0801,AYIAFPTSCHMFI,AYIAFPTSI,0.158054,0.07916619,0.055,0.04289754,0.0911,0.09845722,0.00127224,0,0,0,0,0,0
HLA-B5801,LTSAGDLPL,LTSAGDLPL,0.158487,0.39674546,0.45,0.32054259,0.3797,0.3860475,0.91007894,0,0,1,0,0,0
HLA-B5801,CFTSLVWAPLILA,TSLAPLILA,0.160894,0.12445271,0,0.0399535,0.0649,0.13192706,0.00462416,0,0,0,0,0,0
HLA-B1801,VWAPLILAYFPVF,VWAPLFPVF,0.162518,0.08321276,0.287,0.03755582,0.0867,0.16346572,8.47E-05,0,0,0,0,0,0
HLA-A3001,AYIAFPTSCHMFI,AYIAFPTSI,0.16508,0.11232302,0.135,0.04270972,0.1773,0.17997794,0.9986897,0,0,0,0,0,0
HLA-A2402,SVNCFTSLVWAPL,STSLVWAPL,0.168848,0.10551908,0.166,0.04517976,0.0704,0.18651968,6.50E-05,0,0,0,0,0,0
HLA-A2601,ETGKSIHFV,ETGKSIHFV,0.169373,0.25044058,0.387,0.37022091,0.244,0.21815093,0.9956548,0,0,0,0,0,0
HLA-B5101,AFPTSCHMFIICF,FPTSFIICF,0.174763,0.20989422,0,0.04414741,0.0717,0.26727632,0.99979275,0,0,0,0,0,0
HLA-A0216,ILLARLFLY,ILLARLFLY,0.181715,0.12578032,0.49,0.19474443,0.2531,0.33977878,0.9837753,0,0,1,0,0,0
HLA-B1801,LVGKLNWASQIY,LVGKLSQIY,0.195827,0.09351799,0.164,0.04435857,0.0859,0.16596939,6.06E-05,0,0,0,0,0,0
HLA-A3201,AFPTSCHMFIICF,AFPTFIICF,0.196132,0.06939395,0.079,0.04242123,0.0394,0.10840273,0.03850396,0,0,0,0,0,0
HLA-A2601,SVNCFTSLVWAPL,SVNCFTSLL,0.199348,0.08878505,0.288,0.04149726,0.1077,0.3522429,0.98174703,0,0,0,0,0,0
HLA-B0801,PRRVRRRVL,PRRVRRRVL,0.211037,0.3407834,0.258,0.36899394,0.264,0.08031789,0.0006192,0,0,0,0,0,0
HLA-A3001,SSCSSCPLSKI,SSCSSPLSK,0.212813,0.11362272,0.105,0.09846929,0.1793,0.44783574,0.9996706,0,1,0,0,0,0
HLA-B2705,MAIHRSLTK,MAIHRSLTK,0.212813,0.11884506,0.257,0.46315044,0.1428,0.4618811,5.79E-05,0,1,0,1,0,0
HLA-B2705,MLNRYKLIY,MLNRYKLIY,0.212813,0.11225014,0.122,0.34385685,0.1495,0.41790813,6.95E-05,0,0,0,0,0,0
HLA-A2403,RRRGACVVY,RRRGACVVY,0.212813,0.07912615,0.031,0.06983336,0.1022,0.1086546,5.31E-05,0,0,0,0,0,0
HLA-A2403,EFIPNLFCM,EFIPNLFCM,0.212813,0.2950459,0.361,0.35190799,0.3808,0.365707,0.9990779,0,0,0,0,0,0
HLA-A2403,RPRGAPTPT,RPRGAPTPT,0.212813,0.05834301,0,0.0555036,0.0231,0.07032251,2.53E-05,0,0,0,0,0,0
HLA-A2403,RRVRRRVLV,RRVRRRVLV,0.212813,0.05658205,0.046,0.08362352,0.1107,0.08241849,3.70E-05,0,0,0,0,0,0
HLA-A2601,NPQGERRAF,NPQGERRAF,0.212813,0.0647461,0.031,0.06468079,0.06,0.09412233,0.00016851,0,0,0,0,0,0
HLA-A2601,YLLLTTNGT,YLLLTTNGT,0.212813,0.0752752,0.118,0.04692826,0.0314,0.10075572,2.90E-05,0,0,0,0,0,0
HLA-A2601,MLNRYKLIY,MLNRYKLIY,0.212813,0.14659558,0.23,0.10771803,0.1657,0.3900203,0.99930274,0,0,0,0,0,0
HLA-A2601,YNYSLTLEW,YNYSLTLEW,0.212813,0.07636806,0.177,0.08509578,0.1087,0.39502624,0.9955041,0,0,0,0,0,0
HLA-A3001,AQPAPQAPY,AQPAPQAPY,0.212813,0.16001466,0.155,0.20251702,0.1589,0.0998892,0.9931787,0,0,0,0,0,0
HLA-A2403,AQPAPQAPY,AQPAPQAPY,0.212813,0.13384704,0.133,0.11095949,0.1222,0.2488834,0.00687501,0,0,0,0,0,0
HLA-A2403,ASDYSQGAF,ASDYSQGAF,0.212813,0.11833488,0.15,0.11209848,0.1016,0.14239451,0.00108633,0,0,0,0,0,0
HLA-A2403,EENLLDFVRF,ENLLDFVRF,0.212813,0.02790811,0.095,0.06862359,0.0647,0.2155957,0.00025075,0,0,0,0,0,0
HLA-A2403,ETDQMDTIY,ETDQMDTIY,0.212813,0.03487191,0,0.05694623,0.0206,0.18175456,7.96E-05,0,0,0,0,0,0
HLA-A2403,FARERRLAL,FARERRLAL,0.212813,0.07829315,0.13,0.15133345,0.1025,0.12685183,9.10E-05,0,0,0,0,0,0
HLA-A2403,FLQRTDLSY,FLQRTDLSY,0.212813,0.07992195,0.129,0.07144968,0.1221,0.2583071,0.94718635,0,0,0,0,0,0
HLA-A2403,GTYKRVTEK,GTYKRVTEK,0.212813,0.05396483,0,0.06746795,0.0406,0.14231348,4.35E-05,0,0,0,0,0,0
HLA-A2403,LAYARGQAM,LAYARGQAM,0.212813,0.07652108,0.096,0.08908256,0.1059,0.15362898,7.64E-05,0,0,0,0,0,0
HLA-A2403,LMARRARSL,LMARRARSL,0.212813,0.1130877,0.206,0.12769282,0.1525,0.1792992,0.0528954,0,0,0,0,0,0
HLA-A2403,NPQGERRAF,NPQGERRAF,0.212813,0.12727075,0.145,0.07376026,0.0552,0.11519022,4.72E-05,0,0,0,0,0,0
HLA-A2601,YAMAIRQAI,YAMAIRQAI,0.212813,0.14910335,0.236,0.15059223,0.1686,0.28235954,9.94E-05,0,0,0,0,0,0
HLA-A2601,YHHFKTIEL,YHHFKTIEL,0.212813,0.08068791,0.078,0.05519898,0.0462,0.1646556,0.00058557,0,0,0,0,0,0
HLA-A2601,ALAVLSKCY,ALAVLSKCY,0.212813,0.10848525,0.232,0.08779593,0.1163,0.23214182,0.9774685,0,0,0,0,0,0
HLA-A2601,APGKSLGTL,APGKSLGTL,0.212813,0.05261586,0.157,0.05366054,0.0379,0.12456241,6.68E-05,0,0,0,0,0,0
HLA-A2601,EECDSELEI,EECDSELEI,0.212813,0.03845487,0.055,0.06706371,0.0296,0.17149517,0.00033463,0,0,0,0,0,0
HLA-A2601,HAEMQNPVY,HAEMQNPVY,0.212813,0.10598806,0.231,0.13350387,0.1099,0.1665492,0.9923976,0,0,0,0,0,0
HLA-A2601,HVLSLVFGK,HVLSLVFGK,0.212813,0.08628122,0.297,0.14805753,0.0863,0.15307814,0.87534416,0,0,0,0,0,0
HLA-A2601,LTQAAGQAF,LTQAAGQAF,0.212813,0.18747559,0.26,0.20146952,0.1952,0.22373894,0.00388121,0,0,0,0,0,0
HLA-A2601,MAIHRSLTK,MAIHRSLTK,0.212813,0.08582816,0.274,0.08476894,0.1052,0.20967491,0.9986009,0,0,0,0,0,0
HLA-A2601,QAYAAPQLF,QAYAAPQLF,0.212813,0.14972706,0.241,0.41561626,0.1748,0.27349508,0.9905642,0,0,0,0,0,0
HLA-A2601,QEPGPVGPL,QEPGPVGPL,0.212813,0.09189811,0.118,0.10175337,0.0904,0.12066446,3.01E-05,0,0,0,0,0,0
HLA-A2601,VHAVYDSML,VHAVYDSML,0.212813,0.05659909,0.113,0.03952981,0.026,0.11294965,4.22E-05,0,0,0,0,0,0
HLA-A2601,VQTAAAVVF,VQTAAAVVF,0.212813,0.08268985,0.059,0.05821168,0.0567,0.14294595,0.00071057,0,0,0,0,0,0
HLA-A2601,YQVPFVQAF,YQVPFVQAF,0.212813,0.23256926,0.313,0.26188358,0.2653,0.19440022,0.9363153,0,0,0,0,0,0
HLA-A2601,AQRAAGPSV,AQRAAGPSV,0.212813,0.07430697,0.041,0.04975005,0.0644,0.15372844,6.69E-05,0,0,0,0,0,0
HLA-A2601,AVEGGLYPV,AVEGGLYPV,0.212813,0.0961262,0.264,0.08117201,0.1111,0.17543127,3.90E-05,0,0,0,0,0,0
HLA-A2601,EPRVQLVPL,EPRVQLVPL,0.212813,0.10627714,0.229,0.06623703,0.0941,0.12826298,4.38E-05,0,0,0,0,0,0
HLA-A2601,GPSVASRAL,GPSVASRAL,0.212813,0.05181907,0.059,0.04653089,0.0273,0.12629698,4.34E-05,0,0,0,0,0,0
HLA-A2601,GQTVEMSPF,GQTVEMSPF,0.212813,0.12138408,0.235,0.0524256,0.1063,0.16242638,0.00013338,0,0,0,0,0,0
HLA-A2601,HLDELTTTL,HLDELTTTL,0.212813,0.07408502,0.152,0.16585831,0.0751,0.16768654,0.00042184,0,0,0,0,0,0
HLA-A2601,HPKKVKQAF,HPKKVKQAF,0.212813,0.09643109,0.142,0.11657913,0.0759,0.15253069,0.0100732,0,0,0,0,0,0
HLA-A2601,HVIQNAFRK,HVIQNAFRK,0.212813,0.12461202,0.338,0.15156344,0.1193,0.17489573,0.9993735,0,0,0,0,0,0
HLA-A2601,ILLARLFLY,ILLARLFLY,0.212813,0.14204401,0.324,0.1475533,0.1493,0.2701946,0.9928813,0,0,0,0,0,0
HLA-A2601,LASAMRMLW,LASAMRMLW,0.212813,0.0887131,0.179,0.07737523,0.1012,0.23084612,0.00021419,0,0,0,0,0,0
HLA-A2601,LFQPLHTVM,LFQPLHTVM,0.212813,0.07412706,0.075,0.05505051,0.0683,0.16118412,0.00117057,0,0,0,0,0,0
HLA-A2601,LLQAIGAAA,LLQAIGAAA,0.212813,0.08429192,0.095,0.04959335,0.0423,0.1848159,2.68E-05,0,0,0,0,0,0
HLA-A2601,LQALSNLIL,LQALSNLIL,0.212813,0.08145002,0.114,0.04668875,0.0393,0.24570687,0.00016112,0,0,0,0,0,0
HLA-A2601,LTMVAGAVW,LTMVAGAVW,0.212813,0.11063292,0.268,0.09819214,0.1627,0.3001887,0.00043881,0,0,0,0,0,0
HLA-A2601,QTEENLLDF,QTEENLLDF,0.212813,0.16785507,0.324,0.16360195,0.141,0.14293535,0.5992598,0,0,0,0,0,0
HLA-A2601,RRRKGWIPL,RRRKGWIPL,0.212813,0.06351781,0,0.04321776,0.0343,0.14165096,5.05E-05,0,0,0,0,0,0
HLA-A2601,RRVRRRVLV,RRVRRRVLV,0.212813,0.04633497,0,0.041341,0.0331,0.1171409,4.14E-05,0,0,0,0,0,0
HLA-A2601,SENDRLRLL,SENDRLRLL,0.212813,0.05740706,0.171,0.08078028,0.0929,0.17315273,0.0002009,0,0,0,0,0,0
HLA-A2601,SIFFDYMAI,SIFFDYMAI,0.212813,0.17414926,0.291,0.10036931,0.1753,0.2946692,0.00140718,0,0,0,0,0,0
HLA-A2601,SLIIPNVTL,SLIIPNVTL,0.212813,0.07981185,0.222,0.07666097,0.0672,0.21237911,0.02594171,0,0,0,0,0,0
HLA-A2601,SPTPGPSNA,SPTPGPSNA,0.212813,0.03511295,0.038,0.05893663,0.0249,0.16084118,3.54E-05,0,0,0,0,0,0
HLA-A2601,TLRFKTKAL,TLRFKTKAL,0.212813,0.08719691,0.155,0.07134993,0.0609,0.15922874,7.62E-05,0,0,0,0,0,0
HLA-A2601,TMHQDVATF,TMHQDVATF,0.212813,0.1778945,0.238,0.20133407,0.2081,0.20216347,0.9194743,0,0,0,0,0,0
HLA-A2601,TYLQSLASL,TYLQSLASL,0.212813,0.07266702,0.165,0.07180707,0.075,0.16000268,0.00010827,0,0,0,0,0,0
HLA-A2601,WLRAHPVAI,WLRAHPVAI,0.212813,0.08605395,0.136,0.06642415,0.0833,0.17582673,7.76E-05,0,0,0,0,0,0
HLA-A2601,WPTPKTHPV,WPTPKTHPV,0.212813,0.07478691,0.151,0.07452041,0.0888,0.12982298,3.94E-05,0,0,0,0,0,0
HLA-A2601,YFVPNLKDM,YFVPNLKDM,0.212813,0.104006,0.307,0.06152225,0.1442,0.12726325,0.00842888,0,0,0,0,0,0
HLA-A2601,YQEPPAHGL,YQEPPAHGL,0.212813,0.04512501,0.032,0.06303746,0.0477,0.15289979,0.00010786,0,0,0,0,0,0
HLA-A2601,YTKIVTNIL,YTKIVTNIL,0.212813,0.16507544,0.347,0.26941117,0.1994,0.17668454,0.8916125,0,0,0,0,0,0
HLA-A2601,CELSSHGDL,CELSSHGDL,0.212813,0.0497429,0.055,0.03985182,0.0291,0.14232396,3.81E-05,0,0,0,0,0,0
HLA-A2601,EEAPAAVSF,EEAPAAVSF,0.212813,0.13071802,0.165,0.21890489,0.1348,0.14397919,0.46559685,0,0,0,0,0,0
HLA-A2601,GEGPGINPI,GEGPGINPI,0.212813,0.04140807,0.075,0.04799191,0.0336,0.11754908,3.13E-05,0,0,0,0,0,0
HLA-A2601,KQRKPGGPW,KQRKPGGPW,0.212813,0.05268088,0.025,0.05906444,0.0619,0.24540731,5.39E-05,0,0,0,0,0,0
HLA-A2601,LYSFALMLI,LYSFALMLI,0.212813,0.07870286,0.176,0.04916432,0.0556,0.21561317,6.91E-05,0,0,0,0,0,0
HLA-A2601,MEQRVMATL,MEQRVMATL,0.212813,0.08210604,0.209,0.05852615,0.0914,0.2345304,0.00017163,0,0,0,0,0,0
HLA-A2601,RAPHLPPQW,RAPHLPPQW,0.212813,0.03478407,0.072,0.07518676,0.0378,0.22768123,0.00166445,0,0,0,0,0,0
HLA-A2601,RLASSLYVY,RLASSLYVY,0.212813,0.13708572,0.331,0.1255375,0.156,0.30918106,0.99706525,0,0,0,0,0,0
HLA-A2601,RPRPRTPEW,RPRPRTPEW,0.212813,0.045683,0.074,0.06752812,0.0582,0.15436302,0.0018282,0,0,0,0,0,0
HLA-A2601,RRLTVCGGIMF,RRLTGGIMF,0.212813,0.07137001,0,0.04150725,0.0505,0.12031356,0.05850633,0,0,0,0,0,0
HLA-A2601,RYFTVAFLF,RYFTVAFLF,0.212813,0.08417879,0.07,0.06866825,0.0633,0.21890926,0.9968644,0,0,0,0,0,0
HLA-A2601,SQISNTEMY,SQISNTEMY,0.212813,0.28050994,0.329,0.22063468,0.2287,0.30393666,0.99973565,0,0,0,0,0,0
HLA-A2601,SYGCPTNPF,SYGCPTNPF,0.212813,0.0624661,0.095,0.08796855,0.0867,0.12407222,0.00130337,0,0,0,0,0,0
HLA-A2601,THEGVVCAL,THEGVVCAL,0.212813,0.07490489,0.031,0.04986648,0.0359,0.11809561,3.57E-05,0,0,0,0,0,0
HLA-A2601,VSTAPTGSW,VSTAPTGSW,0.212813,0.08149197,0.194,0.11198516,0.0933,0.20435745,0.0002161,0,0,0,0,0,0
HLA-A2601,VTTQRQSVY,VTTQRQSVY,0.212813,0.16787325,0.336,0.30311285,0.2363,0.2758444,0.99933404,0,0,0,0,0,0
HLA-A2601,YDAPGWLIW,YDAPGWLIW,0.212813,0.06745005,0.224,0.07370846,0.0751,0.19925056,0.00010344,0,0,0,0,0,0
HLA-A2601,YNLRRGTAL,YNLRRGTAL,0.212813,0.06354905,0.09,0.0639862,0.0781,0.22229242,6.06E-05,0,0,0,0,0,0
HLA-A2601,YSQGAFTPL,YSQGAFTPL,0.212813,0.16742309,0.264,0.26238318,0.1975,0.24886572,0.00021062,0,0,0,0,0,0
HLA-A3001,AFFSDLVKF,AFFSDLVKF,0.212813,0.12395805,0.159,0.1307474,0.0965,0.14015919,0.9990613,0,0,0,0,0,0
HLA-A3001,ASDYSQGAF,ASDYSQGAF,0.212813,0.11293576,0.075,0.06833379,0.0774,0.20639879,0.0929585,0,0,0,0,0,0
HLA-A3001,EENLLDFVRF,ENLLDFVRF,0.212813,0.03692303,0,0.04483824,0.0307,0.14454333,0.0002478,0,0,0,0,0,0
HLA-A3001,FLQRTDLSY,FLQRTDLSY,0.212813,0.08380819,0.133,0.10805357,0.0816,0.23180406,0.9936748,0,0,0,0,0,0
HLA-A3001,FSSQLGLFY,FSSQLGLFY,0.212813,0.14324571,0.255,0.19246312,0.1515,0.24302186,0.99964774,0,0,0,0,0,0
HLA-A3001,LAYARGQAM,LAYARGQAM,0.212813,0.24424306,0.181,0.27460327,0.2902,0.25649074,0.00636011,0,0,0,0,0,0
HLA-A3001,LIGFALFGV,LIGFALFGV,0.212813,0.16690308,0.186,0.12493049,0.1521,0.19523196,0.00165932,0,0,0,0,0,0
HLA-A3001,LMARRARSL,LMARRARSL,0.212813,0.17909951,0.159,0.2542922,0.2468,0.16874865,0.00034409,0,0,0,0,0,0
HLA-A3001,MRMLWMANY,MRMLWMANY,0.212813,0.10341216,0.12,0.11178258,0.2037,0.12028594,0.9985812,0,0,0,0,0,0
HLA-A3001,NPQGERRAF,NPQGERRAF,0.212813,0.03878894,0,0.05506999,0.03,0.12428363,4.13E-05,0,0,0,0,0,0
HLA-A3001,RAKFKQLL,RAKFKQLL-,0.212813,0.18655135,0.236,0.141076,0.3373,0.23561195,0.00768827,0,0,0,0,0,0
HLA-A3001,RPEFVKLTM,RPEFVKLTM,0.212813,0.07695104,0.067,0.08636657,0.0812,0.18601625,6.57E-05,0,0,0,0,0,0
HLA-A3001,TEMYIMYAM,TEMYIMYAM,0.212813,0.0860441,0.154,0.05846016,0.0986,0.24476801,0.0001294,0,0,0,0,0,0
HLA-A3001,VPGLSPEAL,VPGLSPEAL,0.212813,0.05069194,0,0.07715509,0.028,0.11808291,3.69E-05,0,0,0,0,0,0
HLA-A3001,VSFIEFVGW,VSFIEFVGW,0.212813,0.12794129,0.168,0.08138074,0.1226,0.16762781,0.9986533,0,0,0,0,0,0
HLA-A3001,VYTNAIQYV,VYTNAIQYV,0.212813,0.24613486,0.186,0.14961255,0.2485,0.21685505,0.9687164,0,0,0,0,0,0
HLA-A3001,YHHFKTIEL,YHHFKTIEL,0.212813,0.16129406,0.223,0.13430357,0.14,0.17876388,0.00058657,0,0,0,0,0,0
HLA-A3001,YLLLTTNGT,YLLLTTNGT,0.212813,0.15633555,0.157,0.07693462,0.0696,0.21041296,4.67E-05,0,0,0,0,0,0
HLA-A3001,ALAVLSKCY,ALAVLSKCY,0.212813,0.1412796,0.15,0.10557106,0.1177,0.11691946,0.9862714,0,0,0,0,0,0
HLA-A3001,APGKSLGTL,APGKSLGTL,0.212813,0.06303213,0,0.07690205,0.0551,0.12672082,4.65E-05,0,0,0,0,0,0
HLA-A3001,AVSFRNLAY,AVSFRNLAY,0.212813,0.28797892,0.245,0.34516424,0.3618,0.24438423,0.99966204,0,0,0,0,0,0
HLA-A3001,EECDSELEI,EECDSELEI,0.212813,0.03801512,0,0.05542126,0.0234,0.13315074,5.99E-05,0,0,0,0,0,0
HLA-A3001,EFIPNLFCM,EFIPNLFCM,0.212813,0.09818181,0.093,0.09211425,0.1071,0.15052629,0.94548166,0,0,0,0,0,0
HLA-A3001,FLRGRAYGL,FLRGRAYGL,0.212813,0.17952146,0.328,0.28676774,0.2023,0.22727808,0.9569199,0,0,0,0,0,0
HLA-A3001,HAEMQNPVY,HAEMQNPVY,0.212813,0.23607055,0.131,0.06339661,0.1168,0.15356033,0.23961034,0,0,0,0,0,0
HLA-A3001,IVAPYLFWL,IVAPYLFWL,0.212813,0.14729984,0.241,0.20656678,0.2212,0.2234814,0.9979838,0,0,0,0,0,0
HLA-A3001,LTQAAGQAF,LTQAAGQAF,0.212813,0.18013205,0.198,0.13749953,0.1702,0.24152268,0.0001731,0,0,0,0,0,0
HLA-A3001,LVSSGNTLY,LVSSGNTLY,0.212813,0.14294143,0.184,0.21306285,0.165,0.25144753,0.99942434,0,0,0,0,0,0
HLA-A3001,MLNRYKLIY,MLNRYKLIY,0.212813,0.24335135,0.207,0.23625623,0.2873,0.25988704,0.9981487,0,0,0,0,0,0
HLA-A6601,LFQPLHTVM,LFQPLHTVM,0.212813,0.11725911,0.055,0.06689711,0.0873,0.16845639,6.96E-05,0,0,0,0,0,0
HLA-A6601,LLQAIGAAA,LLQAIGAAA,0.212813,0.07978511,0.139,0.06872229,0.0735,0.25496197,3.69E-05,0,0,0,0,0,0
HLA-A6601,LQALSNLIL,LQALSNLIL,0.212813,0.1430552,0.054,0.05755388,0.0576,0.23850729,7.52E-05,0,0,0,0,0,0
HLA-A6601,LYEASTTYL,LYEASTTYL,0.212813,0.19741969,0.119,0.06087185,0.0625,0.14097781,0.00016945,0,0,0,0,0,0
HLA-A6601,QAKWRLQTL,QAKWRLQTL,0.212813,0.17986248,0.188,0.24629767,0.1215,0.16718474,0.00338898,0,0,0,0,0,0
HLA-A6601,RRRKGWIPL,RRRKGWIPL,0.212813,0.18459385,0,0.05248962,0.0535,0.14294577,0.00012275,0,0,0,0,0,0
HLA-A6601,RRVRRRVLV,RRVRRRVLV,0.212813,0.12802323,0,0.04710564,0.0551,0.19022417,0.00015194,0,0,0,0,0,0
HLA-A6601,RYSIFFDY,RYS-IFFDY,0.212813,0.08501487,0,0.04161232,0.0349,0.14678292,0.89627415,0,0,0,0,0,0
HLA-A6601,SENDRLRLL,SENDRLRLL,0.212813,0.09490318,0.068,0.09724194,0.1032,0.18459989,0.00018142,0,0,0,0,0,0
HLA-A6601,SLIIPNVTL,SLIIPNVTL,0.212813,0.11784404,0.194,0.1333435,0.1168,0.27992412,0.01643972,0,0,0,0,0,0
HLA-A6601,SPTPGPSNA,SPTPGPSNA,0.212813,0.07495396,0.118,0.09004763,0.0556,0.16817251,5.46E-05,0,0,0,0,0,0
HLA-A6601,SSCSSCPLSKI,SSCSPLSKI,0.212813,0.02899702,0.127,0.06913571,0.0644,0.15039586,0.00030959,0,0,0,0,0,0
HLA-A6601,TLRFKTKAL,TLRFKTKAL,0.212813,0.1083377,0.12,0.09531913,0.105,0.17024514,9.70E-05,0,0,0,0,0,0
HLA-A6601,TMHQDVATF,TMHQDVATF,0.212813,0.16515046,0.157,0.14410954,0.1422,0.1986132,0.00020254,0,0,0,0,0,0
HLA-A6601,TYLQSLASL,TYLQSLASL,0.212813,0.14467524,0.13,0.08897847,0.1021,0.2292756,0.00030102,0,0,0,0,0,0
HLA-A6601,WLRAHPVAI,WLRAHPVAI,0.212813,0.10154388,0.144,0.08416258,0.1048,0.23419449,0.00015198,0,0,0,0,0,0
HLA-A6601,WPTPKTHPV,WPTPKTHPV,0.212813,0.24997793,0.178,0.08260544,0.1357,0.17748837,8.66E-05,0,0,0,0,0,0
HLA-A6601,YQEPPAHGL,YQEPPAHGL,0.212813,0.22001007,0.124,0.08089603,0.0683,0.16669129,0.00011518,0,0,0,0,0,0
HLA-A6601,YTKIVTNIL,YTKIVTNIL,0.212813,0.20271544,0.343,0.32487667,0.2386,0.19553317,0.06454232,0,0,0,0,0,0
HLA-A6601,EEAPAAVSF,EEAPAAVSF,0.212813,0.2535128,0.155,0.16160244,0.1036,0.16565327,0.00147698,0,0,0,0,0,0
HLA-A6601,FMRERQLPQ,FMRERQLPQ,0.212813,0.16972981,0.118,0.0887028,0.0998,0.16184577,5.26E-05,0,0,0,0,0,0
HLA-A6601,GEGPGINPI,GEGPGINPI,0.212813,0.17683014,0.058,0.05978231,0.0499,0.1363627,3.63E-05,0,0,0,0,0,0
HLA-A6601,GLLSSKFKA,GLLSSKFKA,0.212813,0.13714521,0.011,0.04961796,0.0288,0.11430895,5.69E-05,0,0,0,0,0,0
HLA-A6601,IVMRYVLDH,IVMRYVLDH,0.212813,0.11703981,0.257,0.13752019,0.1006,0.20247209,0.00104933,0,0,0,0,0,0
HLA-A6601,KQRKPGGPW,KQRKPGGPW,0.212813,0.23633959,0.041,0.05616169,0.0602,0.25997376,4.65E-05,0,0,0,0,0,0
HLA-A6601,LYSFALMLI,LYSFALMLI,0.212813,0.13480297,0.088,0.05679008,0.0844,0.30881026,0.00010803,0,0,0,0,0,0
HLA-A6601,MEQRVMATL,MEQRVMATL,0.212813,0.19449931,0.145,0.06693406,0.1217,0.29292694,0.00042344,0,0,0,0,0,0
HLA-A6601,RAPHLPPQW,RAPHLPPQW,0.212813,0.12337819,0.11,0.09142042,0.0376,0.2364582,8.53E-05,0,0,0,0,0,0
HLA-A6601,RLASSLYVY,RLASSLYVY,0.212813,0.20234828,0.156,0.11922029,0.1301,0.27583638,0.29317227,0,0,0,0,0,0
HLA-B1801,LLQAIGAAA,LLQAIGAAA,0.212813,0.10432721,0.144,0.04965036,0.0721,0.15693556,2.71E-05,0,0,0,0,0,0
HLA-B1801,LQALSNLIL,LQALSNLIL,0.212813,0.13111963,0.375,0.11163324,0.1329,0.22368915,0.00128326,0,0,0,0,0,0
HLA-B1801,LTMVAGAVW,LTMVAGAVW,0.212813,0.15320958,0.196,0.07250892,0.1251,0.14653365,2.69E-05,0,0,0,0,0,0
HLA-B1801,QTEENLLDF,QTEENLLDF,0.212813,0.14203886,0.232,0.09321512,0.0618,0.11924653,6.64E-05,0,0,0,0,0,0
HLA-B1801,QTVEMSPFY,QTVEMSPFY,0.212813,0.19919557,0.266,0.10847249,0.1633,0.1387316,6.38E-05,0,0,0,0,0,0
HLA-B1801,RRRKGWIPL,RRRKGWIPL,0.212813,0.07630811,0.149,0.0742758,0.0609,0.28221396,0.0001059,0,0,0,0,0,0
HLA-B1801,RRVRRRVLV,RRVRRRVLV,0.212813,0.05128083,0.027,0.06306643,0.03,0.27284396,3.53E-05,0,0,0,0,0,0
HLA-B1801,SIFFDYMAI,SIFFDYMAI,0.212813,0.09275794,0.23,0.04921543,0.0988,0.2096886,4.47E-05,0,0,0,0,0,0
HLA-B1801,SLIIPNVTL,SLIIPNVTL,0.212813,0.06527685,0.29,0.07320815,0.0585,0.2329607,0.00112435,0,0,0,0,0,0
HLA-B1801,SPTPGPSNA,SPTPGPSNA,0.212813,0.03364997,0.068,0.07529767,0.0386,0.17252405,3.77E-05,0,0,0,0,0,0
HLA-B1801,TLRFKTKAL,TLRFKTKAL,0.212813,0.07698122,0.157,0.0569399,0.0593,0.14972624,0.00016555,0,0,0,0,0,0
HLA-B1801,TMHQDVATF,TMHQDVATF,0.212813,0.22239851,0.347,0.18975376,0.1949,0.2411634,0.10850978,0,0,0,0,0,0
HLA-B1801,TYLQSLASL,TYLQSLASL,0.212813,0.16511404,0.268,0.072422,0.1021,0.1658008,0.00014128,0,0,0,0,0,0
HLA-B1801,WLRAHPVAI,WLRAHPVAI,0.212813,0.09864716,0.259,0.06240617,0.0903,0.13610399,4.89E-05,0,0,0,0,0,0
HLA-B1801,WPTPKTHPV,WPTPKTHPV,0.212813,0.11024823,0.245,0.08136511,0.1202,0.17844051,5.87E-05,0,0,0,0,0,0
HLA-B1801,YQEPPAHGL,YQEPPAHGL,0.212813,0.10757684,0.332,0.17992216,0.1103,0.14936444,0.00016905,0,0,0,0,0,0
HLA-B1801,YTKIVTNIL,YTKIVTNIL,0.212813,0.09399309,0.176,0.05904692,0.0648,0.23510066,0.00022904,0,0,0,0,0,0
HLA-B1801,ATVKGMQSY,ATVKGMQSY,0.212813,0.10906397,0.235,0.11155258,0.1133,0.23562156,0.0002454,0,0,0,0,0,0
HLA-B1801,CELSSHGDL,CELSSHGDL,0.212813,0.1861086,0.381,0.20533436,0.1993,0.22764793,0.0190941,0,0,0,0,0,0
HLA-B1801,EVCQATSQY,EVCQATSQY,0.212813,0.13995922,0.263,0.24397603,0.1407,0.16842237,7.29E-05,0,0,0,0,0,0
HLA-B1801,FMRERQLPQ,FMRERQLPQ,0.212813,0.08805992,0.106,0.04689899,0.0748,0.14968732,5.53E-05,0,0,0,0,0,0
HLA-B1801,GEGPGINPI,GEGPGINPI,0.212813,0.1396974,0.319,0.22570657,0.1205,0.12929294,0.00026897,0,0,0,0,0,0
HLA-B1801,IVMRYVLDH,IVMRYVLDH,0.212813,0.0579221,0.128,0.04489436,0.0991,0.2074122,3.05E-05,0,0,0,0,0,0
HLA-B1801,KQRKPGGPW,KQRKPGGPW,0.212813,0.06014491,0.136,0.11161991,0.0865,0.14266522,6.02E-05,0,0,0,0,0,0
HLA-B1801,LYSFALMLI,LYSFALMLI,0.212813,0.16899168,0.159,0.04929211,0.0787,0.11427935,2.99E-05,0,0,0,0,0,0
HLA-B1801,MTRRRVLSV,MTRRRVLSV,0.212813,0.09169698,0.153,0.06153342,0.0715,0.17749928,5.67E-05,0,0,0,0,0,0
HLA-B1801,RLASSLYVY,RLASSLYVY,0.212813,0.17502077,0.319,0.09397285,0.2092,0.17563592,0.00083843,0,0,0,0,0,0
HLA-B1801,RYFTVAFLF,RYFTVAFLF,0.212813,0.3637317,0.386,0.1058324,0.2638,0.15414953,0.00027351,0,0,0,0,0,0
HLA-B1801,SYGCPTNPF,SYGCPTNPF,0.212813,0.12162979,0.327,0.1055761,0.1411,0.17035294,4.20E-05,0,0,0,0,0,0
HLA-B1801,VSTAPTGSW,VSTAPTGSW,0.212813,0.0418739,0.107,0.07167337,0.042,0.2025795,2.98E-05,0,0,0,0,0,0
HLA-B1801,VTTQRQSVY,VTTQRQSVY,0.212813,0.12102733,0.258,0.09222357,0.0909,0.16700521,0.00010538,0,0,0,0,0,0
HLA-B1801,YDAPGWLIW,YDAPGWLIW,0.212813,0.13985759,0.226,0.20588965,0.1764,0.15501538,6.20E-05,0,0,0,0,0,0
HLA-B1801,YSQGAFTPL,YSQGAFTPL,0.212813,0.15812253,0.271,0.08401727,0.1123,0.25284225,5.92E-05,0,0,0,0,0,0
HLA-B2705,AFFSDLVKF,AFFSDLVKF,0.212813,0.08629298,0.084,0.31104985,0.0742,0.15277232,0.00022586,0,0,0,0,0,0
HLA-B2705,AQPAPQAPY,AQPAPQAPY,0.212813,0.13202294,0.258,0.35989113,0.089,0.26716277,0.00010723,0,0,0,0,0,0
HLA-B2705,ASDYSQGAF,ASDYSQGAF,0.212813,0.06451102,0.028,0.25422692,0.0491,0.24805929,5.41E-05,0,0,0,0,0,0
HLA-B2705,EENLLDFVRF,EENLLFVRF,0.212813,0.04575606,0,0.1930733,0.0589,0.26058733,7.23E-05,0,0,0,0,0,0
HLA-B2705,ETDQMDTIY,ETDQMDTIY,0.212813,0.05762783,0,0.20366784,0.0303,0.17814675,3.61E-05,0,0,0,0,0,0
HLA-B2705,FSSQLGLFY,FSSQLGLFY,0.212813,0.14548355,0.186,0.24432052,0.1203,0.2967904,0.00012927,0,0,0,0,0,0
HLA-B2705,GTYKRVTEK,GTYKRVTEK,0.212813,0.11256513,0.196,0.36036503,0.1272,0.30483344,4.55E-05,0,0,0,0,0,0
HLA-B2705,LIGFALFGV,LIGFALFGV,0.212813,0.06917606,0.038,0.15481887,0.0536,0.18284598,5.27E-05,0,0,0,0,0,0
HLA-B2705,NPQGERRAF,NPQGERRAF,0.212813,0.0561151,0,0.29906512,0.0395,0.19335894,4.31E-05,0,0,0,0,0,0
HLA-B2705,RPEFVKLTM,RPEFVKLTM,0.212813,0.08997719,0.079,0.35373059,0.0601,0.23742253,0.0001166,0,0,0,0,0,0
HLA-B2705,VPGLSPEAL,VPGLSPEAL,0.212813,0.03551491,0.037,0.39945886,0.0282,0.22199234,5.17E-05,0,0,0,0,0,0
HLA-B2705,VSFIEFVGW,VSFIEFVGW,0.212813,0.04503198,0.096,0.11761446,0.0538,0.1370215,3.21E-05,0,0,0,0,0,0
HLA-B2705,YHHFKTIEL,YHHFKTIEL,0.212813,0.12404503,0.215,0.36920971,0.1366,0.20083974,0.00038632,0,0,0,0,0,0
HLA-B2705,YLLLTTNGT,YLLLTTNGT,0.212813,0.07721194,0.092,0.07898281,0.0593,0.1500596,2.87E-05,0,0,0,0,0,0
HLA-B2705,ALAVLSKCY,ALAVLSKCY,0.212813,0.07326991,0.085,0.14161132,0.0652,0.15609506,0.0001002,0,0,0,0,0,0
HLA-B2705,APGKSLGTL,APGKSLGTL,0.212813,0.04773185,0,0.38639424,0.0412,0.24696748,5.79E-05,0,0,0,0,0,0
HLA-B2705,AVSFRNLAY,AVSFRNLAY,0.212813,0.08591616,0.065,0.25639751,0.0883,0.27331927,0.00030599,0,0,0,0,0,0
HLA-B2705,EECDSELEI,EECDSELEI,0.212813,0.03053696,0,0.26400274,0.0273,0.19785048,4.38E-05,0,0,0,0,0,0
HLA-B2705,EFIPNLFCM,EFIPNLFCM,0.212813,0.05420111,0.082,0.15696002,0.0616,0.14858444,4.42E-05,0,0,0,0,0,0
HLA-B2705,FLRGRAYGL,FLRGRAYGL,0.212813,0.17116625,0.194,0.34262956,0.128,0.16096263,8.60E-05,0,0,0,0,0,0
HLA-B2705,HAEMQNPVY,HAEMQNPVY,0.212813,0.05581301,0.079,0.29407253,0.0433,0.2155955,8.13E-05,0,0,0,0,0,0
HLA-B2705,IVAPYLFWL,IVAPYLFWL,0.212813,0.09355003,0.079,0.16722942,0.1053,0.24962054,8.97E-05,0,0,0,0,0,0
HLA-B2705,LTQAAGQAF,LTQAAGQAF,0.212813,0.10920485,0.036,0.37033933,0.0811,0.2943528,4.71E-05,0,0,0,0,0,0
HLA-B2705,QEPGPVGPL,QEPGPVGPL,0.212813,0.05667517,0,0.29066915,0.036,0.26861182,3.88E-05,0,0,0,0,0,0
HLA-B2705,RPRGAPTPT,RPRGAPTPT,0.212813,0.10113385,0.1,0.21402726,0.0484,0.15359856,4.14E-05,0,0,0,0,0,0
HLA-B2705,VHAVYDSML,VHAVYDSML,0.212813,0.05489685,0.108,0.12525022,0.0717,0.20773248,4.45E-05,0,0,0,0,0,0
HLA-B2705,VQTAAAVVF,VQTAAAVVF,0.212813,0.20102413,0.308,0.31714945,0.1141,0.23398717,0.00010076,0,0,0,0,0,0
HLA-B2705,YEEAGRGSM,YEEAGRGSM,0.212813,0.06546809,0.068,0.23016047,0.0706,0.30099267,5.48E-05,0,0,0,0,0,0
HLA-B2705,YNYSLTLEW,YNYSLTLEW,0.212813,0.08784114,0.198,0.1703995,0.1297,0.18847963,4.39E-05,0,0,0,0,0,0
HLA-B2705,AHAGARVNL,AHAGARVNL,0.212813,0.08064013,0.16,0.3869601,0.1019,0.20653467,0.00015815,0,0,0,0,0,0
HLA-B2705,AQRAAGPSV,AQRAAGPSV,0.212813,0.17822574,0.252,0.4232101,0.2008,0.22157072,0.00034788,0,0,0,0,0,0
HLA-B2705,AVEGGLYPV,AVEGGLYPV,0.212813,0.07306715,0,0.12140959,0.0614,0.19130264,5.43E-05,0,0,0,0,0,0
HLA-B2705,DEVEFLGHY,DEVEFLGHY,0.212813,0.04039206,0.008,0.16753732,0.0448,0.21740015,4.13E-05,0,0,0,0,0,0
HLA-B2705,EPRVQLVPL,EPRVQLVPL,0.212813,0.06336505,0,0.25739874,0.0448,0.16517887,4.27E-05,0,0,0,0,0,0
HLA-B2705,GPSVASRAL,GPSVASRAL,0.212813,0.0506299,0.019,0.2422041,0.0464,0.21263398,4.43E-05,0,0,0,0,0,0
HLA-B2705,GQTVEMSPF,GQTVEMSPF,0.212813,0.2225894,0.247,0.29423167,0.1511,0.2741754,9.24E-05,0,0,0,0,0,0
HLA-B2705,HPKKVKQAF,HPKKVKQAF,0.212813,0.07621699,0.03,0.34146911,0.0474,0.24750696,0.00011036,0,0,0,0,0,0
HLA-B2705,HVIQNAFRK,HVIQNAFRK,0.212813,0.15202421,0.277,0.27826489,0.1196,0.26763698,6.33E-05,0,0,0,0,0,0
HLA-B2705,IEEQVNKTM,IEEQVNKTM,0.212813,0.04958598,0,0.35249743,0.0297,0.14928907,4.74E-05,0,0,0,0,0,0
HLA-B2705,ILLARLFLY,ILLARLFLY,0.212813,0.17438558,0.228,0.29459506,0.1444,0.28110585,7.68E-05,0,0,0,0,0,0
HLA-B2705,LASAMRMLW,LASAMRMLW,0.212813,0.07235592,0.068,0.21051022,0.119,0.25635606,3.15E-05,0,0,0,0,0,0
HLA-B2705,LFQPLHTVM,LFQPLHTVM,0.212813,0.06459092,0.077,0.37164666,0.0837,0.1251717,5.47E-05,0,0,0,0,0,0
HLA-B2705,LLQAIGAAA,LLQAIGAAA,0.212813,0.08549192,0.091,0.13395799,0.076,0.27285552,2.86E-05,0,0,0,0,0,0
HLA-B2705,LTMVAGAVW,LTMVAGAVW,0.212813,0.05564309,0.061,0.13893915,0.0853,0.18647851,2.85E-05,0,0,0,0,0,0
HLA-B2705,QTEENLLDF,QTEENLLDF,0.212813,0.06987496,0,0.29790209,0.0377,0.16263945,4.94E-05,0,0,0,0,0,0
HLA-B2705,QTVEMSPFY,QTVEMSPFY,0.212813,0.09485106,0.111,0.14862864,0.0846,0.23991837,6.99E-05,0,0,0,0,0,0
HLA-B2705,SIFFDYMAI,SIFFDYMAI,0.212813,0.06000788,0.14,0.15596059,0.0752,0.21341938,6.12E-05,0,0,0,0,0,0
HLA-B2705,SPTPGPSNA,SPTPGPSNA,0.212813,0.03320597,0.039,0.25413682,0.0231,0.20460398,3.51E-05,0,0,0,0,0,0
HLA-B2705,SSCSSCPLSKI,SSCSPLSKI,0.212813,0.04503409,0,0.25554202,0.051,0.2087667,5.43E-05,0,0,0,0,0,0
HLA-B2705,TYLQSLASL,TYLQSLASL,0.212813,0.09065792,0.087,0.41395808,0.1009,0.13139614,3.42E-05,0,0,0,0,0,0
HLA-B2705,WLRAHPVAI,WLRAHPVAI,0.212813,0.12347095,0.157,0.34286284,0.1421,0.1377657,4.45E-05,0,0,0,0,0,0
HLA-B2705,WPTPKTHPV,WPTPKTHPV,0.212813,0.06904409,0.102,0.15343629,0.0762,0.1592413,4.75E-05,0,0,0,0,0,0
HLA-B2705,YQEPPAHGL,YQEPPAHGL,0.212813,0.1612856,0.296,0.42220062,0.1247,0.18554537,0.00041151,0,0,0,0,0,0
HLA-B2705,YTKIVTNIL,YTKIVTNIL,0.212813,0.07654689,0.023,0.31323516,0.0642,0.23065345,0.00015121,0,0,0,0,0,0
HLA-B2705,AVFDRKSDAK,AVFDKSDAK,0.212813,0.04348309,0.08,0.27685965,0.0785,0.19413619,8.06E-05,0,0,0,0,0,0
HLA-B2705,CELSSHGDL,CELSSHGDL,0.212813,0.05406199,0.033,0.16953797,0.069,0.2668961,3.23E-05,0,0,0,0,0,0
HLA-B2705,EEAPAAVSF,EEAPAAVSF,0.212813,0.06777505,0.11,0.26636347,0.0422,0.24341284,7.60E-05,0,0,0,0,0,0
HLA-B2705,EVCQATSQY,EVCQATSQY,0.212813,0.06180497,0,0.19539158,0.0381,0.19427335,4.35E-05,0,0,0,0,0,0
HLA-B2705,GEGPGINPI,GEGPGINPI,0.212813,0.06338303,0.028,0.25190342,0.047,0.19528319,5.42E-05,0,0,0,0,0,0
HLA-B2705,GLLSSKFKA,GLLSSKFKA,0.212813,0.08442592,0.112,0.09266417,0.0877,0.16949983,3.15E-05,0,0,0,0,0,0
HLA-B2705,KQRKPGGPW,KQRKPGGPW,0.212813,0.13359567,0.221,0.27227203,0.2121,0.22856443,7.71E-05,0,0,0,0,0,0
HLA-B2705,LYSFALMLI,LYSFALMLI,0.212813,0.09892976,0.053,0.30088599,0.0843,0.1237879,3.22E-05,0,0,0,0,0,0
HLA-B2705,RAPHLPPQW,RAPHLPPQW,0.212813,0.08603003,0.145,0.26599882,0.0679,0.24070622,5.24E-05,0,0,0,0,0,0
HLA-B2705,RPRPRTPEW,RPRPRTPEW,0.212813,0.08088594,0.063,0.23167698,0.0824,0.127658,7.73E-05,0,0,0,0,0,0
HLA-B2705,RYFTVAFLF,RYFTVAFLF,0.212813,0.32027939,0.339,0.30297156,0.2497,0.15962046,0.00017618,0,0,0,0,0,0
HLA-B2705,TVFYNIPPM,TVFYNIPPM,0.212813,0.11273399,0.147,0.16848658,0.0932,0.28945243,6.32E-05,0,0,0,0,0,0
HLA-B2705,VSTAPTGSW,VSTAPTGSW,0.212813,0.06163592,0.026,0.16956122,0.0532,0.15478079,2.78E-05,0,0,0,0,0,0
HLA-B2705,VTTQRQSVY,VTTQRQSVY,0.212813,0.07125685,0.015,0.27911931,0.05,0.2038106,4.36E-05,0,0,0,0,0,0
HLA-B2705,YDAPGWLIW,YDAPGWLIW,0.212813,0.0391711,0.101,0.11878154,0.0657,0.12828542,3.83E-05,0,0,0,0,0,0
HLA-B2705,YSQGAFTPL,YSQGAFTPL,0.212813,0.17665248,0.168,0.29598316,0.131,0.2996355,5.72E-05,0,0,0,0,0,0
HLA-B3901,AFFSDLVKF,AFFSDLVKF,0.212813,0.04959009,0.086,0.20056432,0.04,0.12331396,0.00084179,0,0,0,0,0,0
HLA-B3901,AQPAPQAPY,AQPAPQAPY,0.212813,0.06140897,0.032,0.1115676,0.068,0.170071,5.64E-05,0,0,0,0,0,0
HLA-B3901,ASDYSQGAF,ASDYSQGAF,0.212813,0.0781979,0.13,0.06132744,0.0934,0.21751267,5.02E-05,0,0,0,0,0,0
HLA-B3901,EENLLDFVRF,EENLLDFVF,0.212813,0.03089312,0.042,0.07198415,0.0675,0.20282032,8.48E-05,0,0,0,0,0,0
HLA-B3901,ETDQMDTIY,ETDQMDTIY,0.212813,0.06387389,0,0.05362987,0.0469,0.2094679,4.26E-05,0,0,0,0,0,0
HLA-B3901,FARERRLAL,FARERRLAL,0.212813,0.26360536,0.188,0.36323783,0.2446,0.25426418,0.67549634,0,0,0,0,0,0
HLA-B3901,FSSQLGLFY,FSSQLGLFY,0.212813,0.06068688,0.157,0.05183614,0.0684,0.20746182,6.35E-05,0,0,0,0,0,0
HLA-B3901,GTYKRVTEK,GTYKRVTEK,0.212813,0.03677293,0,0.04542914,0.016,0.1359534,2.88E-05,0,0,0,0,0,0
HLA-B3901,LIGFALFGV,LIGFALFGV,0.212813,0.04845406,0.09,0.05493817,0.0402,0.11722938,3.85E-05,0,0,0,0,0,0
HLA-B3901,LMARRARSL,LMARRARSL,0.212813,0.19349049,0.204,0.13616499,0.2113,0.25092945,0.00101333,0,0,0,0,0,0
HLA-B3901,MRMLWMANY,MRMLWMANY,0.212813,0.20722164,0.28,0.15723592,0.2181,0.29457116,0.9824341,0,0,0,0,0,0
HLA-B3901,NPQGERRAF,NPQGERRAF,0.212813,0.16230416,0.127,0.14581214,0.1213,0.25121415,0.00020996,0,0,0,0,0,0
HLA-B3901,RLATVGYPK,RLATVGYPK,0.212813,0.08998502,0.151,0.04500089,0.0526,0.13068001,2.75E-05,0,0,0,0,0,0
HLA-B3901,RPEFVKLTM,RPEFVKLTM,0.212813,0.1754627,0.198,0.24307681,0.2439,0.2412467,0.00710787,0,0,0,0,0,0
HLA-B3901,RRRGACVVY,RRRGACVVY,0.212813,0.07779299,0.085,0.1291865,0.0808,0.16565536,0.00052413,0,0,0,0,0,0
HLA-B3901,VSFIEFVGW,VSFIEFVGW,0.212813,0.05215809,0.092,0.04537417,0.0275,0.21018413,7.80E-05,0,0,0,0,0,0
HLA-B3901,YLLLTTNGT,YLLLTTNGT,0.212813,0.10457273,0.175,0.04680574,0.0743,0.12311435,2.80E-05,0,0,0,0,0,0
HLA-B3901,ALAVLSKCY,ALAVLSKCY,0.212813,0.04849997,0,0.03917229,0.0258,0.1495215,4.98E-05,0,0,0,0,0,0
HLA-B3901,APGKSLGTL,APGKSLGTL,0.212813,0.15644799,0.129,0.22868106,0.1603,0.2680652,0.0029486,0,0,0,0,0,0
HLA-B3901,AVSFRNLAY,AVSFRNLAY,0.212813,0.0621049,0,0.04910921,0.0552,0.2264448,0.00013572,0,0,0,0,0,0
HLA-B3901,EECDSELEI,EECDSELEI,0.212813,0.10783471,0.135,0.21781362,0.107,0.15608941,0.00010546,0,0,0,0,0,0
HLA-B3901,EFIPNLFCM,EFIPNLFCM,0.212813,0.11898293,0.212,0.1049414,0.1385,0.14013784,0.00332594,0,0,0,0,0,0
HLA-B3901,FLRGRAYGL,FLRGRAYGL,0.212813,0.18501433,0.2,0.14789918,0.1612,0.17192851,0.00118468,0,0,0,0,0,0
HLA-B3901,HAEMQNPVY,HAEMQNPVY,0.212813,0.08923783,0.099,0.07059413,0.0782,0.19526553,6.98E-05,0,0,0,0,0,0
HLA-B3901,HVLSLVFGK,HVLSLVFGK,0.212813,0.07144606,0.113,0.04865981,0.0403,0.11382216,2.51E-05,0,0,0,0,0,0
HLA-B3901,LTQAAGQAF,LTQAAGQAF,0.212813,0.12967305,0.165,0.06951133,0.1103,0.20460519,4.03E-05,0,0,0,0,0,0
HLA-B3901,LVSSGNTLY,LVSSGNTLY,0.212813,0.05491393,0.054,0.047458,0.0445,0.26445532,4.92E-05,0,0,0,0,0,0
HLA-B3901,MAIHRSLTK,MAIHRSLTK,0.212813,0.08488789,0.135,0.05303215,0.0647,0.16312891,3.31E-05,0,0,0,0,0,0
HLA-B3901,QEPGPVGPL,QEPGPVGPL,0.212813,0.14097577,0.094,0.33357706,0.1707,0.14945641,4.13E-05,0,0,0,0,0,0
HLA-B3901,RPRGAPTPT,RPRGAPTPT,0.212813,0.09041718,0.075,0.12358103,0.0793,0.1608662,6.21E-05,0,0,0,0,0,0
HLA-B3901,VQTAAAVVF,VQTAAAVVF,0.212813,0.24605272,0.304,0.24905579,0.256,0.20920852,0.00139927,0,0,0,0,0,0
HLA-B3901,YEEAGRGSM,YEEAGRGSM,0.212813,0.28819596,0.231,0.28961472,0.3352,0.23631307,6.27E-05,0,0,0,0,0,0
HLA-B3901,AQRAAGPSV,AQRAAGPSV,0.212813,0.14262863,0.166,0.38853362,0.1621,0.15383898,0.00045364,0,0,0,0,0,0
HLA-B3901,AVEGGLYPV,AVEGGLYPV,0.212813,0.20759475,0.159,0.06674462,0.1418,0.13050388,4.66E-05,0,0,0,0,0,0
HLA-B3901,DEVEFLGHY,DEVEFLGHY,0.212813,0.03468905,0,0.08916506,0.0479,0.1313065,0.00010789,0,0,0,0,0,0
HLA-B3901,GPSVASRAL,GPSVASRAL,0.212813,0.30323272,0.252,0.26471154,0.2686,0.22626932,0.02873534,0,0,0,0,0,0
HLA-B3901,GQTVEMSPF,GQTVEMSPF,0.212813,0.10097883,0.217,0.09966048,0.1222,0.20506352,0.00010718,0,0,0,0,0,0
HLA-B3901,ILLARLFLY,ILLARLFLY,0.212813,0.04366198,0.036,0.04514549,0.0402,0.24747476,6.48E-05,0,0,0,0,0,0
HLA-B3901,KTIGNFKPY,KTIGNFKPY,0.212813,0.0660589,0.007,0.04873188,0.05,0.28391978,4.80E-05,0,0,0,0,0,0
HLA-B3901,LASAMRMLW,LASAMRMLW,0.212813,0.07847185,0.082,0.05084017,0.0762,0.2663696,3.58E-05,0,0,0,0,0,0
HLA-B3901,LFQPLHTVM,LFQPLHTVM,0.212813,0.0932702,0.206,0.13001527,0.1844,0.12031433,0.00023963,0,0,0,0,0,0
HLA-B3901,LLQAIGAAA,LLQAIGAAA,0.212813,0.07788997,0.167,0.07616544,0.1443,0.19882645,3.24E-05,0,0,0,0,0,0
HLA-B3901,LTMVAGAVW,LTMVAGAVW,0.212813,0.12545866,0.147,0.04840427,0.0702,0.2615112,3.31E-05,0,0,0,0,0,0
HLA-B3901,QAKWRLQTL,QAKWRLQTL,0.212813,0.12984765,0.048,0.21331771,0.101,0.18478467,0.2896445,0,0,0,0,0,0
HLA-B3901,QTEENLLDF,QTEENLLDF,0.212813,0.06508489,0.092,0.05527944,0.0451,0.13049212,5.64E-05,0,0,0,0,0,0
HLA-B3901,QTVEMSPFY,QTVEMSPFY,0.212813,0.06439519,0.079,0.0427601,0.0377,0.15754102,5.56E-05,0,0,0,0,0,0
HLA-B3901,RRRKGWIPL,RRRKGWIPL,0.212813,0.29822297,0.263,0.31558324,0.2617,0.22604096,0.22920436,0,0,0,0,0,0
HLA-B3901,RRVRRRVLV,RRVRRRVLV,0.212813,0.15099199,0.151,0.28969344,0.1331,0.14434041,0.00135187,0,0,0,0,0,0
HLA-B3901,SENDRLRLL,SENDRLRLL,0.212813,0.11484869,0.082,0.35619807,0.1654,0.15732008,0.00111416,0,0,0,0,0,0
HLA-B3901,SIFFDYMAI,SIFFDYMAI,0.212813,0.20698878,0.211,0.08257459,0.1853,0.3078982,0.00114797,0,0,0,0,0,0
HLA-B3901,SLIIPNVTL,SLIIPNVTL,0.212813,0.2772757,0.257,0.29044833,0.2459,0.2704794,0.93046516,0,0,0,0,0,0
HLA-B3901,SPTPGPSNA,SPTPGPSNA,0.212813,0.07747999,0.155,0.23182705,0.0837,0.24485552,0.00013402,0,0,0,0,0,0
HLA-B3901,SSCSSCPLSKI,SSCSPLSKI,0.212813,0.02170485,0.045,0.05433519,0.0263,0.13329262,7.68E-05,0,0,0,0,0,0
HLA-B3901,TLRFKTKAL,TLRFKTKAL,0.212813,0.08770496,0.045,0.1086445,0.1022,0.16246285,0.00712121,0,0,0,0,0,0
HLA-B3901,TMHQDVATF,TMHQDVATF,0.212813,0.26217537,0.226,0.12565182,0.1736,0.28945902,0.00033056,0,0,0,0,0,0
HLA-B3901,TYLQSLASL,TYLQSLASL,0.212813,0.36601151,0.209,0.21781659,0.241,0.13444181,0.6568841,0,0,0,0,0,0
HLA-B3901,WLRAHPVAI,WLRAHPVAI,0.212813,0.19878809,0.221,0.21430139,0.2277,0.16417965,0.00019628,0,0,0,0,0,0
HLA-B3901,ATVKGMQSY,ATVKGMQSY,0.212813,0.06200614,0.006,0.04667098,0.0403,0.2803256,0.00012635,0,0,0,0,0,0
HLA-B3901,AVFDRKSDAK,AVFDRKSAK,0.212813,0.01611696,0,0.04541756,0.0168,0.12271248,3.47E-05,0,0,0,0,0,0
HLA-B3901,CELSSHGDL,CELSSHGDL,0.212813,0.09323522,0.161,0.10875801,0.1208,0.16118671,8.74E-05,0,0,0,0,0,0
HLA-B3901,EEAPAAVSF,EEAPAAVSF,0.212813,0.24390863,0.238,0.25855979,0.2003,0.2107866,0.00044557,0,0,0,0,0,0
HLA-B3901,EVCQATSQY,EVCQATSQY,0.212813,0.07038422,0.03,0.05083331,0.0267,0.22027244,3.74E-05,0,0,0,0,0,0
HLA-B3901,FMRERQLPQ,FMRERQLPQ,0.212813,0.08269301,0.112,0.04745094,0.072,0.18613534,9.89E-05,0,0,0,0,0,0
HLA-B3901,GEGPGINPI,GEGPGINPI,0.212813,0.11637785,0.169,0.1939673,0.1124,0.11722386,3.66E-05,0,0,0,0,0,0
HLA-B3901,IVMRYVLDH,IVMRYVLDH,0.212813,0.04452995,0.11,0.03654211,0.033,0.2282066,4.47E-05,0,0,0,0,0,0
HLA-B3901,KQRKPGGPW,KQRKPGGPW,0.212813,0.06153191,0.018,0.08467948,0.0504,0.27177864,0.00011164,0,0,0,0,0,0
HLA-B3901,MTRRRVLSV,MTRRRVLSV,0.212813,0.07731898,0.076,0.12830176,0.104,0.20629941,0.03753306,0,0,0,0,0,0
HLA-B3901,RAPHLPPQW,RAPHLPPQW,0.212813,0.0539761,0.006,0.06339282,0.0262,0.15616694,5.28E-05,0,0,0,0,0,0
HLA-B3901,RLASSLYVY,RLASSLYVY,0.212813,0.08644781,0.12,0.04728969,0.0873,0.24439022,0.00013134,0,0,0,0,0,0
HLA-B3901,RPRPRTPEW,RPRPRTPEW,0.212813,0.07264592,0,0.12540126,0.0522,0.20828204,0.00355975,0,0,0,0,0,0
HLA-B3901,RRLTVCGGIMF,RRLTGGIMF,0.212813,0.03891108,0.145,0.20538477,0.0743,0.21860327,0.00506832,0,0,0,0,0,0
HLA-B3901,RVRAYTYSK,RVRAYTYSK,0.212813,0.05895316,0.052,0.04206174,0.0284,0.13895185,4.32E-05,0,0,0,0,0,0
HLA-B3901,RYFTVAFLF,RYFTVAFLF,0.212813,0.09975015,0.255,0.07698412,0.1097,0.13318509,0.00032704,0,0,0,0,0,0
HLA-B3901,SQQPVQMLY,SQQPVQMLY,0.212813,0.10015899,0.161,0.18422656,0.1231,0.21597996,0.00085823,0,0,0,0,0,0
HLA-B3901,SYGCPTNPF,SYGCPTNPF,0.212813,0.11734527,0.152,0.08882976,0.1217,0.12728018,3.95E-05,0,0,0,0,0,0
HLA-B3901,VSTAPTGSW,VSTAPTGSW,0.212813,0.0449631,0.054,0.04985709,0.0343,0.29534376,5.17E-05,0,0,0,0,0,0
HLA-B3901,VTTQRQSVY,VTTQRQSVY,0.212813,0.04134097,0,0.04570241,0.0275,0.18593557,9.19E-05,0,0,0,0,0,0
HLA-B3901,YDAPGWLIW,YDAPGWLIW,0.212813,0.11280412,0.136,0.06881298,0.0712,0.21578068,6.32E-05,0,0,0,0,0,0
HLA-B4001,AFFSDLVKF,AFFSDLVKF,0.212813,0.11725977,0.178,0.05800178,0.0682,0.17338489,0.00013695,0,0,0,0,0,0
HLA-B4001,AQPAPQAPY,AQPAPQAPY,0.212813,0.07835096,0.191,0.11453074,0.1325,0.20587549,9.93E-05,0,0,0,0,0,0
HLA-B4001,ASDYSQGAF,ASDYSQGAF,0.212813,0.09543009,0.242,0.06970754,0.0947,0.1881071,3.98E-05,0,0,0,0,0,0
HLA-B4001,ETDQMDTIY,ETDQMDTIY,0.212813,0.06135295,0.039,0.05165627,0.0334,0.1776235,3.01E-05,0,0,0,0,0,0
HLA-B4001,FARERRLAL,FARERRLAL,0.212813,0.08743607,0.249,0.10103195,0.0852,0.26720694,0.00683909,0,0,0,0,0,0
HLA-B4001,FLQRTDLSY,FLQRTDLSY,0.212813,0.07171113,0.119,0.04544227,0.0554,0.25177625,3.91E-05,0,0,0,0,0,0
HLA-B4001,FSSQLGLFY,FSSQLGLFY,0.212813,0.08288316,0.11,0.04762759,0.0649,0.13267903,5.30E-05,0,0,0,0,0,0
HLA-B4001,GTYKRVTEK,GTYKRVTEK,0.212813,0.06501502,0.041,0.04797618,0.0251,0.12564085,2.75E-05,0,0,0,0,0,0
HLA-B4001,LMARRARSL,LMARRARSL,0.212813,0.07791488,0.287,0.0641555,0.079,0.3003875,6.97E-05,0,0,0,0,0,0
HLA-B4001,NPQGERRAF,NPQGERRAF,0.212813,0.04564392,0,0.05027382,0.0248,0.15188907,3.11E-05,0,0,0,0,0,0
HLA-B4001,RLATVGYPK,RLATVGYPK,0.212813,0.10890589,0.176,0.04568021,0.0497,0.13631798,3.35E-05,0,0,0,0,0,0
HLA-B4001,RPEFVKLTM,RPEFVKLTM,0.212813,0.11328018,0.212,0.06889226,0.075,0.21287957,6.25E-05,0,0,0,0,0,0
HLA-B4001,VPGLSPEAL,VPGLSPEAL,0.212813,0.07073006,0.196,0.08614583,0.0432,0.1737824,5.04E-05,0,0,0,0,0,0
HLA-B4001,VYTNAIQYV,VYTNAIQYV,0.212813,0.06854408,0.052,0.04592518,0.0317,0.14843155,4.25E-05,0,0,0,0,0,0
HLA-B4001,ALAVLSKCY,ALAVLSKCY,0.212813,0.05822007,0,0.03865252,0.0393,0.15542307,4.28E-05,0,0,0,0,0,0
HLA-B4001,APGKSLGTL,APGKSLGTL,0.212813,0.08260984,0.175,0.06812693,0.0448,0.19448164,3.74E-05,0,0,0,0,0,0
HLA-B4001,AVSFRNLAY,AVSFRNLAY,0.212813,0.07667011,0.088,0.04327489,0.0561,0.19079547,7.29E-05,0,0,0,0,0,0
HLA-B4001,EFIPNLFCM,EFIPNLFCM,0.212813,0.07990878,0.185,0.04966206,0.0632,0.1586237,3.87E-05,0,0,0,0,0,0
HLA-B4001,IVAPYLFWL,IVAPYLFWL,0.212813,0.12797007,0.21,0.05498904,0.0986,0.20745285,0.00022422,0,0,0,0,0,0
HLA-B4001,LTQAAGQAF,LTQAAGQAF,0.212813,0.11944823,0.162,0.05498642,0.0796,0.20820834,3.58E-05,0,0,0,0,0,0
HLA-B4001,LVSSGNTLY,LVSSGNTLY,0.212813,0.06667596,0.032,0.04363963,0.0464,0.2365611,3.74E-05,0,0,0,0,0,0
HLA-B4001,MAIHRSLTK,MAIHRSLTK,0.212813,0.07454518,0.153,0.04437712,0.0406,0.11770198,2.67E-05,0,0,0,0,0,0
HLA-B4001,QAYAAPQLF,QAYAAPQLF,0.212813,0.09148584,0.204,0.0682487,0.1116,0.3004138,4.16E-05,0,0,0,0,0,0
HLA-B4001,RPRGAPTPT,RPRGAPTPT,0.212813,0.04956607,0.01,0.05598811,0.0305,0.19391924,2.96E-05,0,0,0,0,0,0
HLA-B4001,VHAVYDSML,VHAVYDSML,0.212813,0.09288107,0.246,0.05934244,0.0905,0.27711394,6.63E-05,0,0,0,0,0,0
HLA-B4001,VQTAAAVVF,VQTAAAVVF,0.212813,0.35439789,0.384,0.15792844,0.2792,0.24547432,6.34E-05,0,0,0,0,0,0
HLA-B4001,YNYSLTLEW,YNYSLTLEW,0.212813,0.05930398,0.213,0.05356487,0.0826,0.21154702,5.56E-05,0,0,0,0,0,0
HLA-B4001,YQVPFVQAF,YQVPFVQAF,0.212813,0.32653523,0.406,0.37049128,0.3349,0.19345416,0.00242886,0,0,0,0,0,0
HLA-B4001,AQRAAGPSV,AQRAAGPSV,0.212813,0.18772606,0.257,0.24930789,0.2214,0.28619495,4.68E-05,0,0,0,0,0,0
HLA-B4001,AVEGGLYPV,AVEGGLYPV,0.212813,0.12645606,0.141,0.06731496,0.0902,0.17283966,4.20E-05,0,0,0,0,0,0
HLA-B4001,EPRVQLVPL,EPRVQLVPL,0.212813,0.07110512,0.122,0.07119506,0.0397,0.27963042,4.64E-05,0,0,0,0,0,0
HLA-B4001,GPSVASRAL,GPSVASRAL,0.212813,0.11542368,0.218,0.06613791,0.0726,0.18492198,4.85E-05,0,0,0,0,0,0
HLA-B4001,HLDELTTTL,HLDELTTTL,0.212813,0.12040088,0.343,0.36766231,0.1689,0.2234747,0.00040401,0,0,0,0,0,0
HLA-B4001,HPKKVKQAF,HPKKVKQAF,0.212813,0.06120802,0.019,0.06521207,0.0329,0.22905666,3.97E-05,0,0,0,0,0,0
HLA-B4001,ILLARLFLY,ILLARLFLY,0.212813,0.06159092,0.114,0.04208403,0.044,0.15590705,3.96E-05,0,0,0,0,0,0
HLA-B4001,LASAMRMLW,LASAMRMLW,0.212813,0.04400801,0.1,0.04531889,0.0672,0.1413064,2.73E-05,0,0,0,0,0,0
HLA-B4001,LFQPLHTVM,LFQPLHTVM,0.212813,0.08645393,0.237,0.0561785,0.0894,0.14570494,7.96E-05,0,0,0,0,0,0
HLA-B4001,LLQAIGAAA,LLQAIGAAA,0.212813,0.0657779,0.097,0.05175558,0.0619,0.21681865,2.70E-05,0,0,0,0,0,0
HLA-B4001,LTMVAGAVW,LTMVAGAVW,0.212813,0.08016101,0.135,0.04504415,0.0756,0.1420401,2.97E-05,0,0,0,0,0,0
HLA-B4001,LYEASTTYL,LYEASTTYL,0.212813,0.10837472,0.241,0.06218697,0.0667,0.18543497,5.96E-05,0,0,0,0,0,0
HLA-B4001,QTEENLLDF,QTEENLLDF,0.212813,0.10725418,0.057,0.05877069,0.0457,0.14817925,4.18E-05,0,0,0,0,0,0
HLA-B4001,QTVEMSPFY,QTVEMSPFY,0.212813,0.07459198,0,0.04184665,0.0552,0.11312097,4.28E-05,0,0,0,0,0,0
HLA-B4001,SIFFDYMAI,SIFFDYMAI,0.212813,0.11880227,0.345,0.06066156,0.0924,0.26215738,0.00010343,0,0,0,0,0,0
HLA-B4001,SLIIPNVTL,SLIIPNVTL,0.212813,0.14039135,0.336,0.11221143,0.1341,0.27779356,0.04622567,0,0,0,0,0,0
HLA-B4001,SPTPGPSNA,SPTPGPSNA,0.212813,0.04102003,0,0.05928579,0.0224,0.18756582,2.74E-05,0,0,0,0,0,0
HLA-B4001,TLRFKTKAL,TLRFKTKAL,0.212813,0.06286994,0.111,0.05838957,0.0562,0.20371875,0.0002983,0,0,0,0,0,0
HLA-B4001,TMHQDVATF,TMHQDVATF,0.212813,0.08781819,0.202,0.0707771,0.1035,0.19010578,5.18E-05,0,0,0,0,0,0
HLA-B4001,TYLQSLASL,TYLQSLASL,0.212813,0.10423182,0.245,0.06614181,0.0718,0.3013369,0.00052198,0,0,0,0,0,0
HLA-B4001,WLRAHPVAI,WLRAHPVAI,0.212813,0.08578419,0.227,0.07290167,0.1055,0.17494854,5.63E-05,0,0,0,0,0,0
HLA-B4001,WPTPKTHPV,WPTPKTHPV,0.212813,0.07462306,0.183,0.06290527,0.0661,0.21227919,3.58E-05,0,0,0,0,0,0
HLA-B4001,YFVPNLKDM,YFVPNLKDM,0.212813,0.08064986,0.135,0.04866279,0.046,0.11700396,5.00E-05,0,0,0,0,0,0
HLA-B4001,YTKIVTNIL,YTKIVTNIL,0.212813,0.11555588,0.216,0.06567964,0.0906,0.30395317,0.00061653,0,0,0,0,0,0
HLA-B4001,ATVKGMQSY,ATVKGMQSY,0.212813,0.07844118,0.008,0.04517245,0.0543,0.22886443,5.10E-05,0,0,0,0,0,0
HLA-B4001,EVCQATSQY,EVCQATSQY,0.212813,0.05780006,0,0.04606063,0.0256,0.17807452,3.02E-05,0,0,0,0,0,0
HLA-B4001,FMRERQLPQ,FMRERQLPQ,0.212813,0.06453182,0.148,0.04065161,0.0348,0.20647903,5.16E-05,0,0,0,0,0,0
HLA-B4001,GLLSSKFKA,GLLSSKFKA,0.212813,0.05505601,0.027,0.04473555,0.033,0.12596484,2.97E-05,0,0,0,0,0,0
HLA-B4001,IVMRYVLDH,IVMRYVLDH,0.212813,0.06909912,0.046,0.03615425,0.0268,0.28238797,3.05E-05,0,0,0,0,0,0
HLA-B4001,LYSFALMLI,LYSFALMLI,0.212813,0.09032184,0.232,0.04712073,0.0558,0.20301187,4.11E-05,0,0,0,0,0,0
HLA-B4001,RAPHLPPQW,RAPHLPPQW,0.212813,0.054555,0.051,0.05633724,0.0379,0.11552056,3.12E-05,0,0,0,0,0,0
HLA-B4001,RLASSLYVY,RLASSLYVY,0.212813,0.0935541,0.151,0.04530338,0.0921,0.20132792,0.00110926,0,0,0,0,0,0
HLA-B4001,RPRPRTPEW,RPRPRTPEW,0.212813,0.04694395,0,0.05819888,0.0388,0.12795183,3.65E-05,0,0,0,0,0,0
HLA-B4001,RYFTVAFLF,RYFTVAFLF,0.212813,0.16588623,0.344,0.05883751,0.1279,0.2952831,0.00037699,0,0,0,0,0,0
HLA-B4001,SQQPVQMLY,SQQPVQMLY,0.212813,0.0834099,0.233,0.17262048,0.1636,0.20366636,0.0004255,0,0,0,0,0,0
HLA-B4001,SYGCPTNPF,SYGCPTNPF,0.212813,0.09067912,0.17,0.04967956,0.0597,0.28764057,5.42E-05,0,0,0,0,0,0
HLA-B4001,THEGVVCAL,THEGVVCAL,0.212813,0.10732322,0.273,0.13046812,0.1167,0.2527378,7.70E-05,0,0,0,0,0,0
HLA-B4001,VSTAPTGSW,VSTAPTGSW,0.212813,0.04970491,0.079,0.04546589,0.0366,0.18627205,2.73E-05,0,0,0,0,0,0
HLA-B4001,VTTQRQSVY,VTTQRQSVY,0.212813,0.055609,0.011,0.04125965,0.0284,0.15907565,5.30E-05,0,0,0,0,0,0
HLA-B4001,YDAPGWLIW,YDAPGWLIW,0.212813,0.07627604,0.241,0.09626738,0.1189,0.18867277,0.0003672,0,0,0,0,0,0
HLA-B5101,ASDYSQGAF,ASDYSQGAF,0.212813,0.04682883,0.059,0.11429195,0.0361,0.13134813,0.00024771,0,0,0,0,0,0
HLA-B5101,FARERRLAL,FARERRLAL,0.212813,0.12747316,0.288,0.40365477,0.1649,0.17251934,0.47755614,0,0,0,0,0,0
HLA-B5101,FLQRTDLSY,FLQRTDLSY,0.212813,0.05931206,0.114,0.05770861,0.049,0.2302265,0.01342609,0,0,0,0,0,0
HLA-B5101,FSSQLGLFY,FSSQLGLFY,0.212813,0.0718349,0.139,0.07555668,0.0744,0.16548388,0.9654557,0,0,0,0,0,0
HLA-B5101,LMARRARSL,LMARRARSL,0.212813,0.06614092,0.143,0.12224459,0.068,0.20496616,0.00814422,0,0,0,0,0,0
HLA-B5101,MRMLWMANY,MRMLWMANY,0.212813,0.07628701,0.119,0.04902436,0.0435,0.20685795,0.00028589,0,0,0,0,0,0
HLA-B5101,NPQGERRAF,NPQGERRAF,0.212813,0.06957389,0.279,0.14967121,0.0701,0.22815178,0.99952185,0,0,0,0,0,0
HLA-B5101,RAKFKQLL,RA-KFKQLL,0.212813,0.04821394,0.098,0.08543287,0.0453,0.13246065,0.9456952,0,0,0,0,0,0
HLA-B5101,RPEFVKLTM,RPEFVKLTM,0.212813,0.10583806,0.278,0.20026249,0.1264,0.17904848,0.99970156,0,0,0,0,0,0
HLA-B5101,TEMYIMYAM,TEMYIMYAM,0.212813,0.07529482,0.175,0.07431738,0.0776,0.1338129,5.90E-05,0,0,0,0,0,0
HLA-B5101,ALAVLSKCY,ALAVLSKCY,0.212813,0.04571513,0,0.04817385,0.0142,0.11918027,5.91E-05,0,0,0,0,0,0
HLA-B5101,APGKSLGTL,APGKSLGTL,0.212813,0.07925809,0.302,0.2669203,0.0848,0.22516371,0.98660046,0,0,0,0,0,0
HLA-B5101,AVSFRNLAY,AVSFRNLAY,0.212813,0.04478198,0.065,0.05594684,0.0215,0.1636207,0.00130051,0,0,0,0,0,0
HLA-B5101,EECDSELEI,EECDSELEI,0.212813,0.07421119,0.29,0.16717565,0.0496,0.12080878,0.13526589,0,0,0,0,0,0
HLA-B5101,HAEMQNPVY,HAEMQNPVY,0.212813,0.08823022,0.216,0.10923913,0.0545,0.12786342,0.32131884,0,0,0,0,0,0
HLA-B5101,LVSSGNTLY,LVSSGNTLY,0.212813,0.06458014,0.155,0.07119444,0.0372,0.13896252,0.9829327,0,0,0,0,0,0
HLA-B5101,MLNRYKLIY,MLNRYKLIY,0.212813,0.06121089,0.104,0.0510372,0.049,0.3113953,0.68290496,0,0,0,0,0,0
HLA-B5101,VQTAAAVVF,VQTAAAVVF,0.212813,0.09786097,0.163,0.09519203,0.0557,0.11566207,0.00162836,0,0,0,0,0,0
HLA-B5101,YQVPFVQAF,YQVPFVQAF,0.212813,0.09803327,0.219,0.19312345,0.1082,0.11608764,0.99297804,0,0,0,0,0,0
HLA-B5101,EPRVQLVPL,EPRVQLVPL,0.212813,0.24016089,0.323,0.29536524,0.1714,0.12462467,0.99904543,0,0,0,0,0,0
HLA-B5101,GPSVASRAL,GPSVASRAL,0.212813,0.08943902,0.325,0.23399372,0.0772,0.15822709,0.92521197,0,0,0,0,0,0
HLA-B5101,HLDELTTTL,HLDELTTTL,0.212813,0.06832819,0.172,0.33477992,0.062,0.12204664,0.95237106,0,0,0,0,0,0
HLA-B5101,HPKKVKQAF,HPKKVKQAF,0.212813,0.10849482,0.286,0.22774591,0.0989,0.22630921,0.9998029,0,0,0,0,0,0
HLA-B5101,HVIQNAFRK,HVIQNAFRK,0.212813,0.03995897,0.12,0.05480153,0.0195,0.11828043,0.00017668,0,0,0,0,0,0
HLA-B5101,ILLARLFLY,ILLARLFLY,0.212813,0.06894699,0.133,0.04977564,0.0488,0.12812403,0.00067019,0,0,0,0,0,0
HLA-B5101,KTIGNFKPY,KTIGNFKPY,0.212813,0.0423991,0.039,0.05704575,0.0336,0.16629368,0.00035528,0,0,0,0,0,0
HLA-B5101,LASAMRMLW,LASAMRMLW,0.212813,0.1286658,0.243,0.13018747,0.1854,0.2170398,0.9993492,0,0,0,0,0,0
HLA-B5101,LQALSNLIL,LQALSNLIL,0.212813,0.0895958,0.185,0.1423485,0.0647,0.14456724,0.15251635,0,0,0,0,0,0
HLA-B5101,LTMVAGAVW,LTMVAGAVW,0.212813,0.11356712,0.204,0.0935531,0.1312,0.13992605,0.01633662,0,0,0,0,0,0
HLA-B5101,SIFFDYMAI,SIFFDYMAI,0.212813,0.09737623,0.333,0.18750201,0.1659,0.18454306,0.94127965,0,0,0,0,0,0
HLA-B5101,SLIIPNVTL,SLIIPNVTL,0.212813,0.06476584,0.158,0.27403873,0.0538,0.14569269,0.06970223,0,0,0,0,0,0
HLA-B5101,SPTPGPSNA,SPTPGPSNA,0.212813,0.09048407,0.238,0.3467713,0.106,0.18063186,0.99760807,0,0,0,0,0,0
HLA-B5101,TMHQDVATF,TMHQDVATF,0.212813,0.05870687,0.126,0.13978355,0.0793,0.1740177,0.9923293,0,0,0,0,0,0
HLA-B5101,CELSSHGDL,CELSSHGDL,0.212813,0.05729808,0.173,0.06530358,0.0376,0.11682998,2.97E-05,0,0,0,0,0,0
HLA-B5101,EVCQATSQY,EVCQATSQY,0.212813,0.04826503,0.14,0.06826338,0.0256,0.11837313,0.00999597,0,0,0,0,0,0
HLA-B5101,FMRERQLPQ,FMRERQLPQ,0.212813,0.065574,0.07,0.05002882,0.0276,0.16235952,5.03E-05,0,0,0,0,0,0
HLA-B5101,IVMRYVLDH,IVMRYVLDH,0.212813,0.04492192,0.104,0.04472486,0.0248,0.25064877,0.00027321,0,0,0,0,0,0
HLA-B5101,KQRKPGGPW,KQRKPGGPW,0.212813,0.04246111,0.002,0.05447062,0.031,0.23562068,0.00026793,0,0,0,0,0,0
HLA-B5101,MEQRVMATL,MEQRVMATL,0.212813,0.08927521,0.202,0.17247359,0.0832,0.12364865,0.00011298,0,0,0,0,0,0
HLA-B5101,MTRRRVLSV,MTRRRVLSV,0.212813,0.11939911,0.2,0.22247192,0.1713,0.1291361,0.01034261,0,0,0,0,0,0
HLA-B5101,RAPHLPPQW,RAPHLPPQW,0.212813,0.09003006,0.156,0.13449483,0.0771,0.13621546,0.9997149,0,0,0,0,0,0
HLA-B5101,RLASSLYVY,RLASSLYVY,0.212813,0.04868416,0.04,0.0489408,0.0247,0.12055185,0.00026967,0,0,0,0,0,0
HLA-B5801,LVSSGNTLY,LVSSGNTLY,0.212813,0.34844425,0.36,0.31507689,0.3307,0.28383034,0.9995059,0,0,0,0,0,0
HLA-B5801,MAIHRSLTK,MAIHRSLTK,0.212813,0.12478229,0.303,0.11329323,0.2094,0.25021216,0.00020744,0,0,0,0,0,0
HLA-B5801,VQTAAAVVF,VQTAAAVVF,0.212813,0.20623343,0.315,0.17006277,0.2216,0.19262426,0.9629567,0,0,0,0,0,0
HLA-B5801,YEEAGRGSM,YEEAGRGSM,0.212813,0.04349403,0.061,0.06179883,0.028,0.16509752,4.53E-05,0,0,0,0,0,0
HLA-B5801,YQVPFVQAF,YQVPFVQAF,0.212813,0.20934423,0.364,0.33910683,0.2192,0.25334862,0.9992011,0,0,0,0,0,0
HLA-B5801,AHAGARVNL,AHAGARVNL,0.212813,0.08059679,0.081,0.05980066,0.0423,0.13664496,8.89E-05,0,0,0,0,0,0
HLA-B5801,AQRAAGPSV,AQRAAGPSV,0.212813,0.06300398,0.056,0.07720111,0.0565,0.20503703,0.00053928,0,0,0,0,0,0
HLA-B5801,AVEGGLYPV,AVEGGLYPV,0.212813,0.08670723,0.205,0.07621281,0.0719,0.1286365,0.00019381,0,0,0,0,0,0
HLA-B5801,GPSVASRAL,GPSVASRAL,0.212813,0.09093686,0.06,0.07530728,0.0403,0.13583332,6.68E-05,0,0,0,0,0,0
HLA-B5801,GQTVEMSPF,GQTVEMSPF,0.212813,0.10581308,0.215,0.06638918,0.0931,0.16403055,0.0593876,0,0,0,0,0,0
HLA-B5801,HLDELTTTL,HLDELTTTL,0.212813,0.12481796,0.177,0.35869614,0.0971,0.17422737,0.34653142,0,0,0,0,0,0
HLA-B5801,HPKKVKQAF,HPKKVKQAF,0.212813,0.0595899,0.066,0.14809491,0.0539,0.15745534,0.9918675,0,0,0,0,0,0
HLA-B5801,HVIQNAFRK,HVIQNAFRK,0.212813,0.09460585,0.195,0.07225845,0.1023,0.13033019,0.00048422,0,0,0,0,0,0
HLA-B5801,ILLARLFLY,ILLARLFLY,0.212813,0.32205842,0.384,0.14325332,0.2818,0.2752548,0.4146576,0,0,0,0,0,0
HLA-B5801,LFQPLHTVM,LFQPLHTVM,0.212813,0.16655056,0.209,0.15652937,0.1218,0.16914935,0.3517302,0,0,0,0,0,0
HLA-B5801,LLQAIGAAA,LLQAIGAAA,0.212813,0.05944384,0.071,0.06329821,0.0498,0.16652173,3.85E-05,0,0,0,0,0,0
HLA-B5801,LQALSNLIL,LQALSNLIL,0.212813,0.10578695,0.2,0.11293859,0.1376,0.28329584,0.47784197,0,0,0,0,0,0
HLA-B5801,QTEENLLDF,QTEENLLDF,0.212813,0.15545784,0.368,0.29901259,0.1863,0.2576188,0.74494344,0,0,0,0,0,0
HLA-B5801,RRRKGWIPL,RRRKGWIPL,0.212813,0.08108885,0.035,0.0573904,0.0617,0.11494463,0.9698491,0,0,0,0,0,0
HLA-B5801,SENDRLRLL,SENDRLRLL,0.212813,0.07134681,0.066,0.09867831,0.0415,0.13597734,6.76E-05,0,0,0,0,0,0
HLA-B5801,SIFFDYMAI,SIFFDYMAI,0.212813,0.10006998,0.307,0.08593573,0.165,0.19756135,0.00037688,0,0,0,0,0,0
HLA-B5801,SLIIPNVTL,SLIIPNVTL,0.212813,0.075603,0.235,0.13599661,0.1144,0.14946681,0.17284483,0,0,0,0,0,0
HLA-B5801,SPTPGPSNA,SPTPGPSNA,0.212813,0.06784782,0,0.09660852,0.0312,0.1772468,3.93E-05,0,0,0,0,0,0
HLA-B5801,TLRFKTKAL,TLRFKTKAL,0.212813,0.05147484,0.041,0.0571031,0.0254,0.15327203,0.00032949,0,0,0,0,0,0
HLA-B5801,WLRAHPVAI,WLRAHPVAI,0.212813,0.08073882,0.219,0.0728094,0.0672,0.1927284,0.00045765,0,0,0,0,0,0
HLA-B5801,WPTPKTHPV,WPTPKTHPV,0.212813,0.09089583,0.083,0.08126726,0.0593,0.16940247,4.41E-05,0,0,0,0,0,0
HLA-B5801,YFVPNLKDM,YFVPNLKDM,0.212813,0.10595374,0.196,0.0902857,0.054,0.15756865,0.00017551,0,0,0,0,0,0
HLA-B5801,YQEPPAHGL,YQEPPAHGL,0.212813,0.07118814,0.185,0.11134865,0.058,0.18066522,0.00722792,0,0,0,0,0,0
HLA-B5801,YTKIVTNIL,YTKIVTNIL,0.212813,0.1524667,0.331,0.28494232,0.1988,0.2549018,0.918855,0,0,0,0,0,0
HLA-B5801,CELSSHGDL,CELSSHGDL,0.212813,0.03728397,0.049,0.05378701,0.0352,0.14993154,3.32E-05,0,0,0,0,0,0
HLA-B5801,EVCQATSQY,EVCQATSQY,0.212813,0.10919882,0.216,0.13494379,0.079,0.12489291,0.96382695,0,0,0,0,0,0
HLA-B5801,FMRERQLPQ,FMRERQLPQ,0.212813,0.08049295,0.051,0.050101,0.0464,0.28948605,6.79E-05,0,0,0,0,0,0
HLA-B5801,GLLSSKFKA,GLLSSKFKA,0.212813,0.07744281,0.066,0.05097057,0.0543,0.12150673,6.90E-05,0,0,0,0,0,0
HLA-B5801,LYSFALMLI,LYSFALMLI,0.212813,0.19294321,0.221,0.12242191,0.1855,0.14610726,0.00072896,0,0,0,0,0,0
HLA-B5801,MEQRVMATL,MEQRVMATL,0.212813,0.12410022,0.189,0.09950977,0.1118,0.1670495,6.81E-05,0,0,0,0,0,0
HLA-B5801,RRLTVCGGIMF,RTVCGGIMF,0.212813,0.06391595,0.125,0.0997533,0.2837,0.18187593,0.99979633,0,0,0,0,0,0
HLA-B5801,SQISNTEMY,SQISNTEMY,0.212813,0.0929811,0.246,0.14172502,0.1532,0.1593728,0.99839044,0,0,0,0,0,0
HLA-B5801,SQQPVQMLY,SQQPVQMLY,0.212813,0.21334649,0.237,0.33531143,0.2584,0.20133044,0.99900156,0,0,0,0,0,0
HLA-B5801,TVFYNIPPM,TVFYNIPPM,0.212813,0.18357922,0.342,0.11325053,0.1878,0.19934604,0.02821939,0,0,0,0,0,0
HLA-B5801,VTTQRQSVY,VTTQRQSVY,0.212813,0.34474226,0.39,0.33202665,0.2693,0.2490976,0.9949039,0,0,0,0,0,0
HLA-B5801,YNLRRGTAL,YNLRRGTAL,0.212813,0.07122409,0.208,0.07193831,0.0563,0.30542237,0.00052524,0,0,0,0,0,0
HLA-A3001,TVFYNIPPM,TVFYNIPPM,0.212813,0.4898732,0.368,0.25024004,0.3553,0.2812779,0.99696666,0,0,0,0,0,1
HLA-B3901,QEMPYPFVI,QEMPYPFVI,0.212813,0.52302369,0.387,0.40635816,0.4104,0.14035179,0.02946976,0,0,0,0,0,1
HLA-B0801,VPGLSPEAL,VPGLSPEAL,0.212813,0.19309242,0.334,0.50738837,0.1851,0.3487156,0.9922854,0,0,0,1,0,0
HLA-A3001,FARERRLAL,FARERRLAL,0.212813,0.26817429,0.313,0.47372822,0.2839,0.26598775,0.99449086,0,0,0,1,0,0
HLA-A6601,HVLSLVFGK,HVLSLVFGK,0.212813,0.21023154,0.386,0.59781094,0.3316,0.19346228,0.99966717,0,0,0,1,0,0
HLA-A6601,ATVKGMQSY,ATVKGMQSY,0.212813,0.18894444,0.362,0.48323309,0.3952,0.2771199,0.9987613,0,0,0,1,0,0
HLA-B0702,HLDELTTTL,HLDELTTTL,0.212813,0.1734886,0.348,0.51779407,0.1668,0.19911723,0.0098165,0,0,0,1,0,0
HLA-B0801,RPEFVKLTM,RPEFVKLTM,0.212813,0.19252373,0.37,0.48630144,0.2013,0.26648676,0.9720268,0,0,0,1,0,0
HLA-B0801,HLDELTTTL,HLDELTTTL,0.212813,0.15235132,0.372,0.56292884,0.2077,0.2033127,0.9952989,0,0,0,1,0,0
HLA-B0801,SENDRLRLL,SENDRLRLL,0.212813,0.11856728,0.147,0.4308567,0.193,0.15337011,0.00489703,0,0,0,1,0,0
HLA-B0801,SLIIPNVTL,SLIIPNVTL,0.212813,0.15897751,0.321,0.49858154,0.1838,0.19430746,0.99913883,0,0,0,1,0,0
HLA-B0801,YTKIVTNIL,YTKIVTNIL,0.212813,0.31214,0.399,0.48382411,0.3577,0.18951833,0.9357807,0,0,0,1,0,0
HLA-B1402,QRASNVFDL,QRASNVFDL,0.212813,0.19508948,0.219,0.56002127,0.2492,0.1193357,0.99271894,0,0,0,1,0,0
HLA-B1402,TRQQTSFPF,TRQQTSFPF,0.212813,0.25392429,0.252,0.43940338,0.2925,0.14800416,0.00053838,0,0,0,1,0,0
HLA-B1402,VPGLSPEAL,VPGLSPEAL,0.212813,0.14470089,0.215,0.49841984,0.1091,0.1835952,0.0144037,0,0,0,1,0,0
HLA-B1402,QEPGPVGPL,QEPGPVGPL,0.212813,0.1213188,0.132,0.44017867,0.0852,0.12574157,6.09E-05,0,0,0,1,0,0
HLA-B1402,VHAVYDSML,VHAVYDSML,0.212813,0.15385685,0.376,0.46911555,0.1843,0.13277857,0.98821104,0,0,0,1,0,0
HLA-B1402,YQVPFVQAF,YQVPFVQAF,0.212813,0.24144707,0.319,0.58971766,0.2424,0.16470848,0.98427737,0,0,0,1,0,0
HLA-B1402,AHAGARVNL,AHAGARVNL,0.212813,0.19635856,0.311,0.58949894,0.2319,0.14984466,0.9987117,0,0,0,1,0,0
HLA-B1402,AQRAAGPSV,AQRAAGPSV,0.212813,0.20881519,0.207,0.47928866,0.1611,0.11328735,0.00331754,0,0,0,1,0,0
HLA-B1402,HHIWQNLL,HHI-WQNLL,0.212813,0.03207107,0.335,0.61277462,0.229,0.23218732,0.99970067,0,0,0,1,0,0
HLA-B1402,HLDELTTTL,HLDELTTTL,0.212813,0.24830471,0.233,0.50690002,0.1859,0.19566962,0.9758566,0,0,0,1,0,0
HLA-B1402,LQALSNLIL,LQALSNLIL,0.212813,0.17175236,0.292,0.47744314,0.204,0.17988656,0.9985468,0,0,0,1,0,0
HLA-B1402,SLIIPNVTL,SLIIPNVTL,0.212813,0.11338981,0.184,0.43777248,0.1401,0.21063383,0.9275404,0,0,0,1,0,0
HLA-B1402,YQEPPAHGL,YQEPPAHGL,0.212813,0.16538031,0.303,0.55650818,0.1834,0.13671179,0.6569327,0,0,0,1,0,0
HLA-B1801,EECDSELEI,EECDSELEI,0.212813,0.18096255,0.363,0.51163478,0.2356,0.19048348,0.99521565,0,0,0,1,0,0
HLA-B2705,FARERRLAL,FARERRLAL,0.212813,0.13369378,0.116,0.47952704,0.1364,0.22793944,0.00016519,0,0,0,1,0,0
HLA-B2705,HLDELTTTL,HLDELTTTL,0.212813,0.09471189,0.08,0.58006256,0.0954,0.26291934,0.00021082,0,0,0,1,0,0
HLA-B2705,LQALSNLIL,LQALSNLIL,0.212813,0.19564966,0.266,0.48453404,0.1632,0.30128765,0.0001641,0,0,0,1,0,0
HLA-B2705,QAKWRLQTL,QAKWRLQTL,0.212813,0.1062252,0,0.46531279,0.0583,0.22095153,9.00E-05,0,0,0,1,0,0
HLA-B2705,SLIIPNVTL,SLIIPNVTL,0.212813,0.07800296,0.116,0.48435907,0.0723,0.29717627,0.00036434,0,0,0,1,0,0
HLA-B5101,LAYARGQAM,LAYARGQAM,0.212813,0.31005745,0.377,0.49063629,0.3094,0.15930603,0.99575007,0,0,0,1,0,0
HLA-B5101,VPGLSPEAL,VPGLSPEAL,0.212813,0.1309167,0.323,0.45220751,0.1325,0.11532239,0.69836915,0,0,0,1,0,0
HLA-B5101,QAYAAPQLF,QAYAAPQLF,0.212813,0.2320238,0.343,0.42855718,0.2878,0.2015541,0.9996068,0,0,0,1,0,0
HLA-B5101,WPTPKTHPV,WPTPKTHPV,0.212813,0.33395572,0.418,0.53356312,0.3727,0.17168804,0.99945027,0,0,0,1,0,0
HLA-B5801,RPRPRTPEW,RPRPRTPEW,0.212813,0.24921561,0.325,0.44835078,0.2805,0.2686182,0.9993781,0,0,0,1,0,0
HLA-A3001,AVFDRKSDAK,AVFDRKSAK,0.212813,0.27600719,0.228,0.5273259,0.455,0.35837433,0.9997671,0,0,0,1,1,0
HLA-B3901,YQVPFVQAF,YQVPFVQAF,0.212813,0.57595952,0.38,0.55003254,0.4857,0.20136718,0.98871756,0,0,0,1,1,1
HLA-A2601,IVAPYLFWL,IVAPYLFWL,0.212813,0.1229081,0.432,0.16724256,0.1494,0.22969362,0.08960573,0,0,1,0,0,0
HLA-B1801,VQTAAAVVF,VQTAAAVVF,0.212813,0.310227,0.485,0.36807748,0.2982,0.23976177,0.00041783,0,0,1,0,0,0
HLA-B5101,YAMAIRQAI,YAMAIRQAI,0.212813,0.31055108,0.494,0.61023848,0.4278,0.25904515,0.99832994,0,0,1,1,1,0
HLA-B1801,YQVPFVQAF,YQVPFVQAF,0.212813,0.47581148,0.524,0.60212792,0.5151,0.22541973,0.99693227,0,0,1,1,1,1
HLA-B0801,CFTSLVWAPLILA,CFTSPLILA,0.220691,0.09000117,0.05,0.03980551,0.0649,0.13123839,4.13E-05,0,0,0,0,0,0
HLA-A0202,VWAPLILAYFPVF,VWAPLIPVF,0.222086,0,0.073,0.03603763,0.1219,0.18428135,0.00016356,0,0,0,0,0,0
HLA-C0701,LMYDIINSV,LMYDIINSV,0.223833,0.24724158,0.151,0.33481475,0.2689,0.19875708,0.00122563,0,0,0,0,0,0
HLA-A0206,AYIAFPTSCHMFI,AYIAFPTSI,0.225305,0.0001,0.227,0.04217916,0.1885,0.30676803,0.9743637,0,0,0,0,0,0
HLA-B5101,AYIAFPTSCHMFI,APTSCHMFI,0.232813,0.27900343,0.208,0.04552647,0.0993,0.24171774,0.99969363,0,0,0,0,0,0
HLA-C0701,YMREVGAAL,YMREVGAAL,0.236156,0.18766831,0.011,0.52281142,0.2831,0.31030136,0.99912053,0,0,0,1,0,0
HLA-B0702,RRRKGWIPL,RRRKGWIPL,0.23886,0.41128833,0.379,0.25178748,0.3689,0.27809367,0.29735428,0,0,0,0,0,0
HLA-A2402,CFTSLVWAPLILA,CFTSPLILA,0.240571,0.17579029,0.148,0.04131224,0.0526,0.19222735,0.76014894,0,0,0,0,0,0
HLA-C0701,YLRNAGAAM,YLRNAGAAM,0.242585,0.18642345,0.033,0.37531027,0.2388,0.27920064,0.00045749,0,0,0,0,0,0
HLA-C0701,MLYPLLWMF,MLYPLLWMF,0.24387,0.24388535,0.202,0.33246661,0.141,0.24237773,0.9886177,0,0,0,0,0,0
HLA-E0101,RMMETWHPL,RMMETWHPL,0.244675,0.23742604,0.203,0.25056371,0.2645,0.40270054,0.99951386,0,0,0,0,0,0
HLA-B5801,LAILIWMYY,LAILIWMYY,0.246175,0.51897758,0.442,0.42580707,0.3838,0.30806342,0.9993461,0,0,1,0,0,1
HLA-B1510,YNLNGRESI,YNLNGRESI,0.248185,0.09569885,0.249,0.34351733,0.0697,0.317161,4.35E-05,0,0,0,0,0,0
HLA-B2705,RRVVVSAVV,RRVVVSAVV,0.248893,0.45896071,0.43,0.60002464,0.5347,0.4961174,0.99840945,0,1,1,1,1,1
HLA-C0701,MMHASTSPF,MMHASTSPF,0.252173,0.12808012,0.077,0.39364638,0.2296,0.27223974,0.00074269,0,0,0,0,0,0
HLA-C0701,RMYSPVSIL,RMYSPVSIL,0.256786,0.26916207,0.269,0.58962443,0.2975,0.34215227,0.9997589,0,0,0,1,0,0
HLA-C0701,ARWLASTPL,ARWLASTPL,0.258922,0.24885181,0.251,0.63474203,0.3346,0.22610962,0.9996972,0,0,0,1,0,0
HLA-B1510,YHLNGRNSL,YHLNGRNSL,0.259105,0.53832851,0.533,0.66262566,0.5509,0.39062458,0.7056886,0,0,1,1,1,1
HLA-B5801,SVNCFTSLVWAPL,SVNCFTSLL,0.259643,0.20366656,0.241,0.04385574,0.1456,0.2388066,0.99833256,0,0,0,0,0,0
HLA-C0701,FARQNNGAF,FARQNNGAF,0.262618,0.17710482,0.117,0.44714728,0.2887,0.3528871,0.11006135,0,0,0,1,0,0
HLA-E0101,AMRWGHLPL,AMRWGHLPL,0.263126,0.22504212,0.33,0.12990495,0.1678,0.3544759,0.99031466,0,0,0,0,0,0
HLA-B0702,CFTSLVWAPLILA,CVWAPLILA,0.265606,0.03872091,0.052,0.03910321,0.028,0.28959388,2.91E-05,0,0,0,0,0,0
HLA-B2705,AGLQFPVGR,AGLQFPVGR,0.266776,0.08405387,0.306,0.43163655,0.0739,0.18898384,5.64E-05,0,0,0,1,0,0
HLA-C0701,FPYEGGKVF,FPYEGGKVF,0.26908,0.21491776,0.161,0.47169375,0.2348,0.36847916,0.08406261,0,0,0,1,0,0
HLA-B1510,YHLNGRDSL,YHLNGRDSL,0.269763,0.50957539,0.514,0.65904796,0.4925,0.3744708,0.2673269,0,0,1,1,1,1
HLA-C0701,RMFKRVFNM,RMFKRVFNM,0.27205,0.39685372,0.241,0.55369629,0.348,0.13898514,0.9990214,0,0,0,1,0,0
HLA-A0206,VLGATLLFFVIAL,VLGATLIAL,0.273321,0.0005,0.555,0.04132471,0.2493,0.34019732,0.9994611,0,0,1,0,0,0
HLA-B0702,TPEDLNTML,TPEDLNTML,0.278743,0.3657984,0.482,0.57545073,0.2924,0.4127701,0.9953622,0,0,1,1,0,0
HLA-B1801,NPTQAPVIQLHAVY,NPIQLHAVY,0.284434,0.26403549,0.294,0.04652056,0.1631,0.3701757,0.8287479,0,0,0,0,0,0
HLA-B0702,LPPIVAKEI,LPPIVAKEI,0.291766,0.23569095,0.429,0.54817618,0.2831,0.22649637,0.8972859,0,0,1,1,0,0
HLA-B0801,SVNCFTSLVWAPL,SVNLVWAPL,0.292383,0.13897286,0.242,0.05055488,0.1455,0.2643413,0.00066295,0,0,0,0,0,0
HLA-A0202,SLVWAPLILAYF,SLPLILAYF,0.29306,0.0012,0.384,0.0432915,0.2584,0.29071364,0.99686784,0,0,0,0,0,0
HLA-B3503,IPQSLDSYWTSL,IPQSLDTSL,0.298074,0.19490959,0.422,0.38710454,0.1995,0.5146626,0.9989285,0,1,0,0,0,0
HLA-B4001,NEGRHHLLV,NEGRHHLLV,0.30161,0.22046276,0.436,0.52776161,0.3005,0.45972294,0.99457693,0,1,1,1,0,0
HLA-B2705,RKKGGWFGK,RKKGGWFGK,0.301949,0.38333676,0.405,0.50244619,0.43,0.29764563,0.7414943,0,0,0,1,1,0
HLA-B3901,FGALFMWLL,FGALFMWLL,0.301997,0.32729121,0.286,0.1243659,0.1505,0.21534778,0.00087304,0,0,0,0,0,0
HLA-B1402,MRMLWMANY,MRMLWMANY,0.302094,0.15391351,0.213,0.2727852,0.2131,0.2105801,0.05778384,0,0,0,0,0,0
HLA-B4002,GEGGSGGGL,GEGGSGGGL,0.30224,0.37455021,0.447,0.60689969,0.2883,0.35181355,0.9996517,0,0,1,1,0,0
HLA-C0701,FAPDRVGAL,FAPDRVGAL,0.302581,0.42498048,0.16,0.63315453,0.325,0.12990882,0.00157557,0,0,0,1,0,0
HLA-A0202,PLILAYFPVFRFL,PLFPVFRFL,0.302648,0.0007,0.45,0.03320513,0.2975,0.2875986,0.9990972,0,0,1,0,0,0
HLA-B4001,QEMPYPFVI,QEMPYPFVI,0.303464,0.69039069,0.614,0.65488339,0.7784,0.36391723,0.9997435,0,0,1,1,1,1
HLA-C0701,RQYERYTAL,RQYERYTAL,0.306674,0.38025378,0.157,0.68716993,0.4003,0.3878531,0.9997837,0,0,0,1,0,0
HLA-B4002,GEGGGSGGL,GEGGGSGGL,0.307237,0.43436201,0.438,0.61066922,0.2975,0.38154823,0.9996989,0,0,1,1,0,1
HLA-B0702,GPKRIVKCF,GPKRIVKCF,0.310052,0.23671229,0.412,0.59513843,0.3507,0.48459828,0.9993948,0,1,0,1,0,0
HLA-A2403,MRMLWMANY,MRMLWMANY,0.310796,0.08722683,0.125,0.09208186,0.2057,0.17447038,7.22E-05,0,0,0,0,0,0
HLA-C0701,RQWGMGFLL,RQWGMGFLL,0.311816,0.14528036,0.199,0.62737801,0.2311,0.36648872,0.9996258,0,0,0,1,0,0
HLA-B2705,RREGGGAVR,RREGGGAVR,0.314165,0.30521569,0.436,0.59867429,0.3742,0.35522643,0.96358126,0,0,1,1,0,0
HLA-E0101,MQLPGGWLL,MQLPGGWLL,0.323535,0.32004908,0.228,0.26003607,0.1588,0.31411502,0.999622,0,0,0,0,0,0
HLA-E0101,VLRPGGHFL,VLRPGGHFL,0.32452,0.27857317,0.153,0.13950289,0.2239,0.25490215,0.9982973,0,0,0,0,0,0
HLA-B0801,RIHRHRQVV,RIHRHRQVV,0.325266,0.5884219,0.319,0.50343759,0.5456,0.2589519,0.9899418,0,0,0,1,1,1
HLA-B2705,SREGMFLPK,SREGMFLPK,0.328699,0.39116939,0.43,0.59747846,0.5054,0.4050568,0.9970584,0,0,1,1,1,0
HLA-B0801,SPTPGPSNA,SPTPGPSNA,0.330795,0.05873094,0.188,0.28200661,0.0783,0.3451502,0.05422235,0,0,0,0,0,0
HLA-C0701,YTFFFTQYF,YTFFFTQYF,0.331127,0.5002926,0.307,0.47264648,0.3752,0.3146095,0.32535258,0,0,0,1,0,1
HLA-B2705,RRRVLSVVV,RRRVLSVVV,0.331393,0.44110354,0.417,0.59703603,0.5377,0.3116534,0.99912566,0,0,0,1,1,1
HLA-E0101,MMKYLAFGL,MMKYLAFGL,0.33362,0.27023617,0.3,0.0837842,0.1356,0.30776462,0.9168129,0,0,0,0,0,0
HLA-C0701,RVKQHMASM,RVKQHMASM,0.333826,0.28434519,0.164,0.46021076,0.3305,0.29119778,0.99771845,0,0,0,1,0,0
HLA-B2705,THEGVVCAL,THEGVVCAL,0.335344,0.05080013,0.087,0.23917204,0.0654,0.18883815,4.20E-05,0,0,0,0,0,0
HLA-A6601,QTVEMSPFY,QTVEMSPFY,0.337101,0.25560352,0.414,0.50227048,0.4546,0.27019683,0.99855083,0,0,0,1,1,0
HLA-C0701,YARNFLIPF,YARNFLIPF,0.338027,0.14388885,0.044,0.52137475,0.2614,0.42406514,0.995752,0,0,0,1,0,0
HLA-A2601,LVSSGNTLY,LVSSGNTLY,0.338386,0.319737,0.42,0.51311867,0.3412,0.39448318,0.999728,0,0,0,1,0,0
HLA-B2705,HVLSLVFGK,HVLSLVFGK,0.341235,0.24074671,0.299,0.29859513,0.2137,0.2797642,6.21E-05,0,0,0,0,0,0
HLA-C0701,RFFKHFMSL,RFFKHFMSL,0.34564,0.34727285,0.145,0.57308335,0.3782,0.33070856,0.99978036,0,0,0,1,0,0
HLA-B1402,YHHFKTIEL,YHHFKTIEL,0.34713,0.34313074,0.395,0.66678066,0.5671,0.1828523,0.99967873,0,0,0,1,1,0
HLA-A2403,AASYARYVL,AASYARYVL,0.351419,0.17302713,0.183,0.0842858,0.1775,0.1132898,0.00013334,0,0,0,0,0,0
HLA-B4002,GEGGGGSGL,GEGGGGSGL,0.352753,0.44195983,0.444,0.62965461,0.3515,0.37291056,0.99977034,0,0,1,1,0,1
HLA-B5801,IIIISCLGW,IIIISCLGW,0.3591,0.56113663,0.475,0.58506306,0.4703,0.38738048,0.9995553,0,0,1,1,1,1
HLA-B2705,YNLRRGTAL,YNLRRGTAL,0.359641,0.17958853,0.22,0.45987034,0.1651,0.34717804,5.09E-05,0,0,0,1,0,0
HLA-E0101,AMMWRIAQL,AMMWRIAQL,0.360643,0.22778965,0.262,0.18751807,0.2086,0.33436748,0.99697447,0,0,0,0,0,0
HLA-B2705,FRQCTGRPK,FRQCTGRPK,0.360734,0.5687282,0.487,0.52834233,0.5511,0.43502757,0.04661688,0,1,1,1,1,1
HLA-A0202,VLGATLLFFVIAL,VLGATVIAL,0.361026,0.0035,0.533,0.04208651,0.3793,0.42198858,0.9987257,0,0,1,0,0,0
HLA-B2705,SQQPVQMLY,SQQPVQMLY,0.363429,0.18681049,0.328,0.51492657,0.24,0.28014433,0.01838396,0,0,0,1,0,0
HLA-A3001,GYISTRVEL,GYISTRVEL,0.366206,0.24182328,0.167,0.19803392,0.2413,0.1153964,0.3115384,0,0,0,0,0,0
HLA-A2601,KTIGNFKPY,KTIGNFKPY,0.367576,0.39716566,0.462,0.50938381,0.4452,0.44226176,0.99973184,0,1,1,1,1,0
HLA-E0101,KQLESVMYL,KQLESVMYL,0.378339,0.13459894,0.251,0.30963433,0.1935,0.29471114,0.9996081,0,0,0,0,0,0
HLA-B4002,REGGGSGGL,REGGGSGGL,0.382186,0.53116686,0.502,0.6225235,0.3675,0.479884,0.9997545,0,1,1,1,0,1
HLA-B4002,REGGSGGGL,REGGSGGGL,0.382186,0.47348664,0.511,0.61891314,0.3728,0.452476,0.99973506,0,1,1,1,0,1
HLA-C0701,RAMRMVYYL,RAMRMVYYL,0.382417,0.34904767,0.311,0.55747163,0.3741,0.29977217,0.99952054,0,0,0,1,0,0
HLA-A2403,RLASSLYVY,RLASSLYVY,0.384053,0.17341978,0.243,0.10939426,0.2785,0.25334132,0.44136465,0,0,0,0,0,0
HLA-A0206,TLVGLAIGLVLL,TLVGGLVLL,0.384561,0.0318,0.541,0.19197334,0.3715,0.43169665,0.99975044,0,1,1,0,0,0
HLA-A2403,MEQRVMATL,MEQRVMATL,0.384763,0.26924032,0.192,0.10424762,0.1839,0.4333467,0.00021898,0,1,0,0,0,0
HLA-A0206,TLLVLGILLVVAGL,TLLLVVAGL,0.38755,0.0001,0.547,0.03870212,0.1822,0.38314456,0.99871397,0,0,1,0,0,0
HLA-A2403,GYTPGDGQL,GYTPGDGQL,0.389641,0.62440216,0.343,0.43448785,0.3715,0.46722278,0.99740523,0,1,0,1,0,1
HLA-C0701,RARLWPRSM,RARLWPRSM,0.394264,0.32096188,0.344,0.47955159,0.3612,0.3300301,0.99956673,0,0,0,1,0,0
HLA-A2601,TSKFLMGTY,TSKFLMGTY,0.395723,0.41599654,0.44,0.4023171,0.4511,0.29824358,0.99952316,0,0,1,0,1,0
HLA-B5801,YAMAIRQAI,YAMAIRQAI,0.3968,0.39143715,0.47,0.37119642,0.3792,0.42854357,0.02561466,0,1,1,0,0,0
HLA-B1402,QAKWRLQTL,QAKWRLQTL,0.397206,0.45611509,0.151,0.52985101,0.3897,0.1495926,0.9477655,0,0,0,1,0,1
HLA-B2705,SENDRLRLL,SENDRLRLL,0.398438,0.07290795,0.012,0.44570078,0.0949,0.3688605,8.56E-05,0,0,0,1,0,0
HLA-B2705,GRVCSNRHGLIR,GRVRHGLIR,0.400387,0.42932111,0.37,0.53698518,0.4808,0.49500555,0.9991204,0,1,0,1,1,1
HLA-A2601,TVCGGIMFL,TVCGGIMFL,0.405298,0.20700614,0.404,0.37307548,0.2174,0.3130391,0.984752,0,0,0,0,0,0
HLA-A2403,LTMVAGAVW,LTMVAGAVW,0.405446,0.29670322,0.261,0.14793479,0.3264,0.35432005,5.79E-05,0,0,0,0,0,0
HLA-B2705,ARRHRILDIYLE,ARILDIYLE,0.405851,0.52758873,0.195,0.14491276,0.3082,0.45855168,0.03882113,0,1,0,0,0,1
HLA-C0701,SYMSTFPLF,SYMSTFPLF,0.406793,0.26168476,0.319,0.43442362,0.3829,0.3280135,0.99960786,0,0,0,1,0,0
HLA-B4002,REGGGGSGL,REGGGGSGL,0.408774,0.53764273,0.508,0.6386461,0.4431,0.47316113,0.999788,0,1,1,1,1,1
HLA-B4001,PELSPVLGL,PELSPVLGL,0.411273,0.29603217,0.437,0.49632397,0.3551,0.44647053,0.9983699,0,1,1,1,0,0
HLA-B0702,IPQSLDSYWTSL,IPQSLDSSL,0.413085,0.40987462,0.537,0.46453514,0.4656,0.56523716,0.99931633,0,1,1,1,1,0
HLA-B0702,LPRGGSVLVTCG,LPRGGSVLG,0.416147,0.27070183,0.38,0.37159576,0.2073,0.36928755,0.00151819,0,0,0,0,0,0
HLA-B2705,KRLGDVISV,KRLGDVISV,0.417322,0.53814097,0.425,0.61682051,0.46,0.57616943,0.99968684,0,1,0,1,1,1
HLA-B4001,DEHHHDDSL,DEHHHDDSL,0.418,0.42064174,0.508,0.53307935,0.2983,0.46152234,0.99836916,0,1,1,1,0,0
HLA-C0701,MVRQMRAAL,MVRQMRAAL,0.42094,0.23386704,0.098,0.29255957,0.2339,0.4194777,0.94881094,0,0,0,0,0,0
HLA-C0701,MRYFIGQPL,MRYFIGQPL,0.421292,0.48138479,0.446,0.64955902,0.589,0.38447532,0.9997873,0,0,1,1,1,1
HLA-C0701,FQMGGIGPM,FQMGGIGPM,0.423253,0.19196295,0.161,0.5112254,0.2659,0.34513682,0.09475571,0,0,0,1,0,0
HLA-B4002,GEGSGGGGL,GEGSGGGGL,0.425625,0.37078794,0.429,0.60572349,0.3154,0.4202998,0.9995838,0,0,1,1,0,0
HLA-B3901,RQMRASAPL,RQMRASAPL,0.426181,0.77507734,0.447,0.45904002,0.6646,0.36232078,0.9974546,1,0,1,1,1,1
HLA-C0701,RYRRLIQIL,RYRRLIQIL,0.430561,0.28742198,0.194,0.38512725,0.3439,0.4148504,0.9997619,1,0,0,0,0,0
HLA-B0702,GPGAGSLQPLAL,GPSLQPLAL,0.433013,0.38180543,0.464,0.62689537,0.3788,0.43783483,0.999559,1,1,1,1,0,0
HLA-A2601,AVSFRNLAY,AVSFRNLAY,0.433936,0.25853954,0.334,0.39101091,0.3098,0.41598302,0.9996309,1,0,0,0,0,0
HLA-A2403,IVAPYLFWL,IVAPYLFWL,0.436604,0.26489856,0.345,0.1683719,0.3714,0.3619115,0.9825105,1,0,0,0,0,0
HLA-B5801,YDAPGWLIW,YDAPGWLIW,0.438496,0.30669944,0.397,0.57078348,0.411,0.34700668,0.20616513,1,0,0,1,0,0
HLA-C0701,MVRVLTVIKEY,MVRTVIKEY,0.443854,0.05052096,0.069,0.05491004,0.109,0.27663687,0.9976992,1,0,0,0,0,0
HLA-B2705,KRVVINKDT,KRVVINKDT,0.444951,0.2388458,0.234,0.2125138,0.2063,0.3279817,0.00064213,1,0,0,0,0,0
HLA-B4002,REGSGGGGL,REGSGGGGL,0.446249,0.47127941,0.493,0.61995409,0.3953,0.51456064,0.99972063,1,1,1,1,0,1
HLA-C0701,WMYEGKHVL,WMYEGKHVL,0.44648,0.33506615,0.237,0.45288353,0.369,0.24828829,0.97368854,1,0,0,1,0,0
HLA-B2705,QRTDLSYIK,QRTDLSYIK,0.447178,0.46733581,0.512,0.59939671,0.5117,0.46627986,0.99888057,1,1,1,1,1,1
HLA-C0701,MSWGWRLPF,MSWGWRLPF,0.449303,0.20983692,0.225,0.49650052,0.3584,0.35095978,0.980102,1,0,0,1,0,0
HLA-A2403,SENDRLRLL,SENDRLRLL,0.452461,0.07269989,0.127,0.09029088,0.0824,0.38040465,0.00521101,1,0,0,0,0,0
HLA-A0202,TLVGLAIGLVLL,TLVGGLVLL,0.45281,0.1638,0.543,0.2618923,0.5302,0.4348321,0.9996929,1,1,1,0,1,0
HLA-B2705,LRFDLTRDK,LRFDLTRDK,0.469212,0.42463237,0.441,0.58330107,0.531,0.38460866,0.9887628,1,0,1,1,1,0
HLA-B4002,REGGGGGSL,REGGGGGSL,0.472837,0.64356846,0.549,0.64134718,0.4779,0.55999756,0.99979943,1,1,1,1,1,1
HLA-A2403,TMHQDVATF,TMHQDVATF,0.474078,0.48346948,0.391,0.44283841,0.5063,0.4025379,0.99857306,1,0,0,1,1,1
HLA-A0202,AYIAFPTSCHMFI,YIAFPTSFI,0.47915,0.0001,0.222,0.04324974,0.3133,0.40202788,0.99768066,1,0,0,0,0,0
HLA-A0202,CFTSLVWAPLILA,CVWAPLILA,0.483797,0.0002,0.222,0.03850654,0.2195,0.34302044,0.04557249,1,0,0,0,0,0
HLA-B0702,TPQDLNSML,TPQDLNSML,0.487858,0.50998892,0.561,0.62497733,0.5059,0.46253383,0.9993886,1,1,1,1,1,1
HLA-B2705,SRYDPSISF,SRYDPSISF,0.48829,0.47767543,0.451,0.6427008,0.4905,0.5292511,0.99978226,1,1,1,1,1,1
HLA-B2705,RLRLIHLLHQTI,RRLIHLLHQ,0.497294,0.35398825,0.042,0.06243553,0.2297,0.42069238,0.90359324,1,0,0,0,0,0
HLA-B0801,EPRVQLVPL,EPRVQLVPL,0.502347,0.59181899,0.455,0.58922233,0.5587,0.45334795,0.9986713,1,1,1,1,1,1
HLA-B2705,MRMLWMANY,MRMLWMANY,0.502772,0.61518993,0.473,0.60367717,0.7205,0.55675447,0.99948776,1,1,1,1,1,1
HLA-B2705,TRQQTSFPF,TRQQTSFPF,0.513127,0.44975739,0.447,0.59992138,0.5563,0.4527806,0.99806315,1,1,1,1,1,1
HLA-B0702,TPSDLNTML,TPSDLNTML,0.514567,0.43660356,0.534,0.63374345,0.4743,0.48061875,0.99959713,1,1,1,1,1,1
HLA-A0202,VLGMLIPLSVCSV,VLPLSVCSV,0.515696,0.0048,0.583,0.06802619,0.4818,0.43267804,0.99872404,1,1,1,0,1,0
HLA-B0801,HPKKVKQAF,HPKKVKQAF,0.521082,0.51138086,0.484,0.59002991,0.4523,0.54399097,0.99971575,1,1,1,1,1,1
HLA-A3001,HVLSLVFGK,HVLSLVFGK,0.525332,0.54899566,0.376,0.53900973,0.4728,0.49156508,0.99970275,1,1,0,1,1,1
HLA-B2705,QRASNVFDL,QRASNVFDL,0.525332,0.49155537,0.384,0.58349485,0.4926,0.46391788,0.9989366,1,1,0,1,1,1
HLA-B2705,RMMGVKYLM,RMMGVKYLM,0.532685,0.50008552,0.389,0.4370064,0.4904,0.4589905,0.88749516,1,1,0,1,1,1
HLA-B5801,YNYSLTLEW,YNYSLTLEW,0.534468,0.67219849,0.485,0.67433288,0.6553,0.5287275,0.99962044,1,1,1,1,1,1
HLA-B2705,RRYASQTEL,RRYASQTEL,0.543939,0.74317225,0.458,0.62803332,0.6258,0.5285454,0.9997534,1,1,1,1,1,1
HLA-B2705,ARAALQELL,ARAALQELL,0.545418,0.66601747,0.372,0.61966629,0.6234,0.52608865,0.99952114,1,1,0,1,1,1
HLA-B2705,RRAALSGHL,RRAALSGHL,0.55084,0.75284626,0.437,0.61271144,0.6553,0.5118871,0.9994134,1,1,1,1,1,1
HLA-A2403,RAPHLPPQW,RAPHLPPQW,0.555996,0.47597069,0.285,0.2878287,0.3788,0.27738863,0.9975994,1,0,0,0,0,1
HLA-B2705,RRVRRRVLV,RRVRRRVLV,0.567262,0.67740295,0.435,0.60476243,0.6957,0.5720232,0.9989687,1,1,1,1,1,1
HLA-B0702,TPQDLNMML,TPQDLNMML,0.576242,0.50116748,0.538,0.6220073,0.4789,0.48850328,0.99904245,1,1,1,1,1,1
HLA-A0206,ILGGGLLVGLLPAV,ILGGGLPAV,0.578999,0.0055,0.677,0.06301161,0.4868,0.5784013,0.9997682,1,1,1,0,1,0
HLA-A2403,YDAPGWLIW,YDAPGWLIW,0.583091,0.41270793,0.275,0.13126202,0.3557,0.5227358,0.00010203,1,1,0,0,0,0
HLA-A0202,ILAILAIATLMSV,ILAATLMSV,0.583284,0.026,0.678,0.04818502,0.6691,0.5923302,0.9997471,1,1,1,0,1,0
HLA-A2403,STAPTGSWF,STAPTGSWF,0.585145,0.45375457,0.311,0.1968708,0.4006,0.413924,0.96206945,1,0,0,0,0,1
HLA-A2403,YLLLTTNGT,YLLLTTNGT,0.58619,0.15261692,0.145,0.05753241,0.0436,0.13770357,3.83E-05,1,0,0,0,0,0
HLA-B2705,LRWLAKSFF,LRWLAKSFF,0.587246,0.65455211,0.401,0.59740938,0.6568,0.49463618,0.9982875,1,1,0,1,1,1
HLA-A0202,SLAALIVGLVFAL,SLAGLVFAL,0.599136,0.0626,0.673,0.07101871,0.7079,0.5118065,0.999706,1,1,1,0,1,0
HLA-A0202,ILGGGLLVGLLPAV,ILGGGLPAV,0.615584,0.0134,0.605,0.06470185,0.4924,0.5751268,0.999542,1,1,1,0,1,0
HLA-A1102,GQCHSCCNR,GQCHSCCNR,0.615622,0.22971365,0.308,0.29956162,0.2504,0.18627676,0.00022613,1,0,0,0,0,0
HLA-B0702,HPKKVKQAF,HPKKVKQAF,0.646144,0.73493922,0.564,0.65651762,0.6342,0.5954946,0.9997594,1,1,1,1,1,1
HLA-C0701,LYIEILRLL,LYIEILRLL,0.650253,0.44471359,0.391,0.48458751,0.4026,0.22773826,0.99973696,1,0,0,1,0,1
HLA-B4001,EECDSELEI,EECDSELEI,0.656779,0.34664155,0.44,0.59775798,0.3304,0.34335852,0.98899674,1,0,1,1,0,0
HLA-A3207,QEMPYPFVI,QEMPYPFVI,0.682619,0.68202508,0.261,0.26550312,0.3986,0.14197534,8.64E-05,1,0,0,0,0,1
HLA-B2705,KRLRLIHLLHQTI,KRLRLIHTI,0.802704,0.72358771,0.359,0.06575649,0.5955,0.57480395,0.99971896,1,1,0,0,1,1
HLA-A3001,RLATVGYPK,RLATVGYPK,0.820152,0.54857523,0.368,0.669286,0.651,0.45192403,0.9996642,1,1,0,1,1,1
